vehicle_id,timestamp_ms,latitude,longitude,speed_kmh
0,0,47.649333,-122.333556,40.3
0,200,47.649354,-122.333556,40.3
0,400,47.649374,-122.333556,40.3
0,600,47.649394,-122.333556,40.3
0,800,47.649414,-122.333556,40.3
0,1000,47.649434,-122.333556,40.3
0,1200,47.649455,-122.333556,40.3
0,1400,47.649475,-122.333556,40.3
0,1600,47.649495,-122.333556,40.3
0,1800,47.649515,-122.333556,40.3
0,2000,47.649535,-122.333556,40.3
0,2200,47.649556,-122.333556,40.3
0,2400,47.649576,-122.333556,40.3
0,2600,47.649596,-122.333556,40.3
0,2800,47.649616,-122.333556,40.3
0,3000,47.649636,-122.333556,40.3
0,3200,47.649657,-122.333556,40.3
0,3400,47.649677,-122.333556,40.3
0,3600,47.649697,-122.333556,40.3
0,3800,47.649717,-122.333556,40.3
0,4000,47.649737,-122.333556,40.3
0,4200,47.649758,-122.333556,40.3
0,4400,47.649778,-122.333556,40.3
0,4600,47.649798,-122.333556,40.3
0,4800,47.649818,-122.333556,40.3
0,5000,47.649838,-122.333556,40.3
0,5200,47.649859,-122.333556,40.3
0,5400,47.649879,-122.333556,40.3
0,5600,47.649899,-122.333556,40.3
0,5800,47.649919,-122.333556,40.3
0,6000,47.649939,-122.333556,40.3
0,6200,47.649960,-122.333556,40.3
0,6400,47.649980,-122.333556,40.3
0,6600,47.650000,-122.333556,40.0
0,6800,47.650000,-122.333524,40.0
0,7000,47.650000,-122.333492,40.0
0,7200,47.650000,-122.333460,40.0
0,7400,47.650000,-122.333429,40.0
0,7600,47.650000,-122.333397,40.0
0,7800,47.650000,-122.333365,40.0
0,8000,47.650000,-122.333333,40.0
0,8200,47.650000,-122.333302,40.0
0,8400,47.650000,-122.333270,40.0
0,8600,47.650000,-122.333238,40.0
0,8800,47.650000,-122.333206,40.0
0,9000,47.650000,-122.333175,40.0
0,9200,47.650000,-122.333143,40.0
0,9400,47.650000,-122.333111,16.8
0,9600,47.650000,-122.333098,16.8
0,9800,47.650000,-122.333086,16.8
0,10000,47.650000,-122.333073,16.8
0,10200,47.650000,-122.333060,16.8
0,10400,47.650000,-122.333048,16.8
0,10600,47.650000,-122.333035,16.8
0,10800,47.650000,-122.333022,16.8
0,11000,47.650000,-122.333010,16.8
0,11200,47.650000,-122.332997,16.8
0,11400,47.650000,-122.332984,16.8
0,11600,47.650000,-122.332971,16.8
0,11800,47.650000,-122.332959,16.8
0,12000,47.650000,-122.332946,16.8
0,12200,47.650000,-122.332933,16.8
0,12400,47.650000,-122.332921,16.8
0,12600,47.650000,-122.332908,16.8
0,12800,47.650000,-122.332895,16.8
0,13000,47.650000,-122.332883,16.8
0,13200,47.650000,-122.332870,16.8
0,13400,47.650000,-122.332857,16.8
0,13600,47.650000,-122.332844,16.8
0,13800,47.650000,-122.332832,16.8
0,14000,47.650000,-122.332819,16.8
0,14200,47.650000,-122.332806,16.8
0,14400,47.650000,-122.332794,16.8
0,14600,47.650000,-122.332781,16.8
0,14800,47.650000,-122.332768,16.8
0,15000,47.650000,-122.332756,16.8
0,15200,47.650000,-122.332743,16.8
0,15400,47.650000,-122.332730,16.8
0,15600,47.650000,-122.332717,16.8
0,15800,47.650000,-122.332705,16.8
0,16000,47.650000,-122.332692,16.8
0,16200,47.650000,-122.332679,16.8
0,16400,47.650000,-122.332667,0.0
1,0,47.649333,-122.330444,43.2
1,200,47.649356,-122.330444,43.2
1,400,47.649378,-122.330444,43.2
1,600,47.649400,-122.330444,43.2
1,800,47.649422,-122.330444,43.2
1,1000,47.649444,-122.330444,43.2
1,1200,47.649467,-122.330444,43.2
1,1400,47.649489,-122.330444,43.2
1,1600,47.649511,-122.330444,43.2
1,1800,47.649533,-122.330444,43.2
1,2000,47.649556,-122.330444,43.2
1,2200,47.649578,-122.330444,43.2
1,2400,47.649600,-122.330444,43.2
1,2600,47.649622,-122.330444,43.2
1,2800,47.649644,-122.330444,43.2
1,3000,47.649667,-122.330444,43.2
1,3200,47.649689,-122.330444,43.2
1,3400,47.649711,-122.330444,43.2
1,3600,47.649733,-122.330444,43.2
1,3800,47.649756,-122.330444,43.2
1,4000,47.649778,-122.330444,43.2
1,4200,47.649800,-122.330444,43.2
1,4400,47.649822,-122.330444,43.2
1,4600,47.649844,-122.330444,43.2
1,4800,47.649867,-122.330444,43.2
1,5000,47.649889,-122.330444,43.2
1,5200,47.649911,-122.330444,43.2
1,5400,47.649933,-122.330444,43.2
1,5600,47.649956,-122.330444,43.2
1,5800,47.649978,-122.330444,43.2
1,6000,47.650000,-122.330444,46.1
1,6200,47.650000,-122.330407,46.1
1,6400,47.650000,-122.330370,46.1
1,6600,47.650000,-122.330333,46.1
1,6800,47.650000,-122.330296,46.1
1,7000,47.650000,-122.330259,46.1
1,7200,47.650000,-122.330222,46.1
1,7400,47.650000,-122.330185,46.1
1,7600,47.650000,-122.330148,46.1
1,7800,47.650000,-122.330111,46.1
1,8000,47.650000,-122.330074,46.1
1,8200,47.650000,-122.330037,46.1
1,8400,47.650000,-122.330000,18.7
1,8600,47.650000,-122.330014,18.7
1,8800,47.650000,-122.330029,18.7
1,9000,47.650000,-122.330043,18.7
1,9200,47.650000,-122.330057,18.7
1,9400,47.650000,-122.330072,18.7
1,9600,47.650000,-122.330086,18.7
1,9800,47.650000,-122.330100,18.7
1,10000,47.650000,-122.330115,18.7
1,10200,47.650000,-122.330129,18.7
1,10400,47.650000,-122.330143,18.7
1,10600,47.650000,-122.330158,18.7
1,10800,47.650000,-122.330172,18.7
1,11000,47.650000,-122.330186,18.7
1,11200,47.650000,-122.330201,18.7
1,11400,47.650000,-122.330215,18.7
1,11600,47.650000,-122.330229,18.7
1,11800,47.650000,-122.330244,18.7
1,12000,47.650000,-122.330258,18.7
1,12200,47.650000,-122.330272,18.7
1,12400,47.650000,-122.330287,18.7
1,12600,47.650000,-122.330301,18.7
1,12800,47.650000,-122.330315,18.7
1,13000,47.650000,-122.330330,18.7
1,13200,47.650000,-122.330344,18.7
1,13400,47.650000,-122.330358,18.7
1,13600,47.650000,-122.330373,18.7
1,13800,47.650000,-122.330387,18.7
1,14000,47.650000,-122.330401,18.7
1,14200,47.650000,-122.330416,18.7
1,14400,47.650000,-122.330430,18.7
1,14600,47.650000,-122.330444,0.0
2,0,47.648667,-122.332667,22.0
2,200,47.648667,-122.332683,22.0
2,400,47.648667,-122.332700,22.0
2,600,47.648667,-122.332716,22.0
2,800,47.648667,-122.332733,22.0
2,1000,47.648667,-122.332749,22.0
2,1200,47.648667,-122.332765,22.0
2,1400,47.648667,-122.332782,22.0
2,1600,47.648667,-122.332798,22.0
2,1800,47.648667,-122.332815,22.0
2,2000,47.648667,-122.332831,22.0
2,2200,47.648667,-122.332848,22.0
2,2400,47.648667,-122.332864,22.0
2,2600,47.648667,-122.332881,22.0
2,2800,47.648667,-122.332897,22.0
2,3000,47.648667,-122.332914,22.0
2,3200,47.648667,-122.332930,22.0
2,3400,47.648667,-122.332947,22.0
2,3600,47.648667,-122.332963,22.0
2,3800,47.648667,-122.332979,22.0
2,4000,47.648667,-122.332996,22.0
2,4200,47.648667,-122.333012,22.0
2,4400,47.648667,-122.333029,22.0
2,4600,47.648667,-122.333045,22.0
2,4800,47.648667,-122.333062,22.0
2,5000,47.648667,-122.333078,22.0
2,5200,47.648667,-122.333095,22.0
2,5400,47.648667,-122.333111,35.6
2,5600,47.648667,-122.333083,35.6
2,5800,47.648667,-122.333056,35.6
2,6000,47.648667,-122.333028,35.6
2,6200,47.648667,-122.333000,35.6
2,6400,47.648667,-122.332972,35.6
2,6600,47.648667,-122.332944,35.6
2,6800,47.648667,-122.332917,35.6
2,7000,47.648667,-122.332889,35.6
2,7200,47.648667,-122.332861,35.6
2,7400,47.648667,-122.332833,35.6
2,7600,47.648667,-122.332806,35.6
2,7800,47.648667,-122.332778,35.6
2,8000,47.648667,-122.332750,35.6
2,8200,47.648667,-122.332722,35.6
2,8400,47.648667,-122.332694,35.6
2,8600,47.648667,-122.332667,20.0
2,8800,47.648667,-122.332681,20.0
2,9000,47.648667,-122.332696,20.0
2,9200,47.648667,-122.332711,20.0
2,9400,47.648667,-122.332726,20.0
2,9600,47.648667,-122.332741,20.0
2,9800,47.648667,-122.332756,20.0
2,10000,47.648667,-122.332770,20.0
2,10200,47.648667,-122.332785,20.0
2,10400,47.648667,-122.332800,20.0
2,10600,47.648667,-122.332815,20.0
2,10800,47.648667,-122.332830,20.0
2,11000,47.648667,-122.332844,20.0
2,11200,47.648667,-122.332859,20.0
2,11400,47.648667,-122.332874,20.0
2,11600,47.648667,-122.332889,20.0
2,11800,47.648667,-122.332904,20.0
2,12000,47.648667,-122.332919,20.0
2,12200,47.648667,-122.332933,20.0
2,12400,47.648667,-122.332948,20.0
2,12600,47.648667,-122.332963,20.0
2,12800,47.648667,-122.332978,20.0
2,13000,47.648667,-122.332993,20.0
2,13200,47.648667,-122.333007,20.0
2,13400,47.648667,-122.333022,20.0
2,13600,47.648667,-122.333037,20.0
2,13800,47.648667,-122.333052,20.0
2,14000,47.648667,-122.333067,20.0
2,14200,47.648667,-122.333081,20.0
2,14400,47.648667,-122.333096,20.0
2,14600,47.648667,-122.333111,21.7
2,14800,47.648667,-122.333095,21.7
2,15000,47.648667,-122.333078,21.7
2,15200,47.648667,-122.333062,21.7
2,15400,47.648667,-122.333045,21.7
2,15600,47.648667,-122.333029,21.7
2,15800,47.648667,-122.333012,21.7
2,16000,47.648667,-122.332996,21.7
2,16200,47.648667,-122.332979,21.7
2,16400,47.648667,-122.332963,21.7
2,16600,47.648667,-122.332947,21.7
2,16800,47.648667,-122.332930,21.7
2,17000,47.648667,-122.332914,21.7
2,17200,47.648667,-122.332897,21.7
2,17400,47.648667,-122.332881,21.7
2,17600,47.648667,-122.332864,21.7
2,17800,47.648667,-122.332848,21.7
2,18000,47.648667,-122.332831,21.7
2,18200,47.648667,-122.332815,21.7
2,18400,47.648667,-122.332798,21.7
2,18600,47.648667,-122.332782,21.7
2,18800,47.648667,-122.332765,21.7
2,19000,47.648667,-122.332749,21.7
2,19200,47.648667,-122.332733,21.7
2,19400,47.648667,-122.332716,21.7
2,19600,47.648667,-122.332700,21.7
2,19800,47.648667,-122.332683,21.7
2,20000,47.648667,-122.332667,32.7
2,20200,47.648667,-122.332691,32.7
2,20400,47.648667,-122.332716,32.7
2,20600,47.648667,-122.332741,32.7
2,20800,47.648667,-122.332765,32.7
2,21000,47.648667,-122.332790,32.7
2,21200,47.648667,-122.332815,32.7
2,21400,47.648667,-122.332840,32.7
2,21600,47.648667,-122.332864,32.7
2,21800,47.648667,-122.332889,32.7
2,22000,47.648667,-122.332914,32.7
2,22200,47.648667,-122.332938,32.7
2,22400,47.648667,-122.332963,32.7
2,22600,47.648667,-122.332988,32.7
2,22800,47.648667,-122.333012,32.7
2,23000,47.648667,-122.333037,32.7
2,23200,47.648667,-122.333062,32.7
2,23400,47.648667,-122.333086,32.7
2,23600,47.648667,-122.333111,49.0
2,23800,47.648667,-122.333074,49.0
2,24000,47.648667,-122.333037,49.0
2,24200,47.648667,-122.333000,49.0
2,24400,47.648667,-122.332963,49.0
2,24600,47.648667,-122.332926,49.0
2,24800,47.648667,-122.332889,49.0
2,25000,47.648667,-122.332852,49.0
2,25200,47.648667,-122.332815,49.0
2,25400,47.648667,-122.332778,49.0
2,25600,47.648667,-122.332741,49.0
2,25800,47.648667,-122.332704,49.0
2,26000,47.648667,-122.332667,17.4
2,26200,47.648667,-122.332654,17.4
2,26400,47.648667,-122.332641,17.4
2,26600,47.648667,-122.332627,17.4
2,26800,47.648667,-122.332614,17.4
2,27000,47.648667,-122.332601,17.4
2,27200,47.648667,-122.332588,17.4
2,27400,47.648667,-122.332575,17.4
2,27600,47.648667,-122.332562,17.4
2,27800,47.648667,-122.332549,17.4
2,28000,47.648667,-122.332536,17.4
2,28200,47.648667,-122.332523,17.4
2,28400,47.648667,-122.332510,17.4
2,28600,47.648667,-122.332497,17.4
2,28800,47.648667,-122.332484,17.4
2,29000,47.648667,-122.332471,17.4
2,29200,47.648667,-122.332458,17.4
2,29400,47.648667,-122.332444,17.4
2,29600,47.648667,-122.332431,17.4
2,29800,47.648667,-122.332418,17.4
2,30000,47.648667,-122.332405,17.4
2,30200,47.648667,-122.332392,17.4
2,30400,47.648667,-122.332379,17.4
2,30600,47.648667,-122.332366,17.4
2,30800,47.648667,-122.332353,17.4
2,31000,47.648667,-122.332340,17.4
2,31200,47.648667,-122.332327,17.4
2,31400,47.648667,-122.332314,17.4
2,31600,47.648667,-122.332301,17.4
2,31800,47.648667,-122.332288,17.4
2,32000,47.648667,-122.332275,17.4
2,32200,47.648667,-122.332261,17.4
2,32400,47.648667,-122.332248,17.4
2,32600,47.648667,-122.332235,17.4
2,32800,47.648667,-122.332222,46.4
2,33000,47.648690,-122.332222,46.4
2,33200,47.648714,-122.332222,46.4
2,33400,47.648738,-122.332222,46.4
2,33600,47.648762,-122.332222,46.4
2,33800,47.648786,-122.332222,46.4
2,34000,47.648810,-122.332222,46.4
2,34200,47.648833,-122.332222,46.4
2,34400,47.648857,-122.332222,46.4
2,34600,47.648881,-122.332222,46.4
2,34800,47.648905,-122.332222,46.4
2,35000,47.648929,-122.332222,46.4
2,35200,47.648952,-122.332222,46.4
2,35400,47.648976,-122.332222,46.4
2,35600,47.649000,-122.332222,46.4
2,35800,47.649024,-122.332222,46.4
2,36000,47.649048,-122.332222,46.4
2,36200,47.649071,-122.332222,46.4
2,36400,47.649095,-122.332222,46.4
2,36600,47.649119,-122.332222,46.4
2,36800,47.649143,-122.332222,46.4
2,37000,47.649167,-122.332222,46.4
2,37200,47.649190,-122.332222,46.4
2,37400,47.649214,-122.332222,46.4
2,37600,47.649238,-122.332222,46.4
2,37800,47.649262,-122.332222,46.4
2,38000,47.649286,-122.332222,46.4
2,38200,47.649310,-122.332222,46.4
2,38400,47.649333,-122.332222,0.0
3,0,47.646000,-122.331333,48.3
3,200,47.646000,-122.331296,48.3
3,400,47.646000,-122.331259,48.3
3,600,47.646000,-122.331222,48.3
3,800,47.646000,-122.331185,48.3
3,1000,47.646000,-122.331148,48.3
3,1200,47.646000,-122.331111,48.3
3,1400,47.646000,-122.331074,48.3
3,1600,47.646000,-122.331037,48.3
3,1800,47.646000,-122.331000,48.3
3,2000,47.646000,-122.330963,48.3
3,2200,47.646000,-122.330926,48.3
3,2400,47.646000,-122.330889,18.3
3,2600,47.646000,-122.330875,18.3
3,2800,47.646000,-122.330861,18.3
3,3000,47.646000,-122.330847,18.3
3,3200,47.646000,-122.330833,18.3
3,3400,47.646000,-122.330819,18.3
3,3600,47.646000,-122.330806,18.3
3,3800,47.646000,-122.330792,18.3
3,4000,47.646000,-122.330778,18.3
3,4200,47.646000,-122.330764,18.3
3,4400,47.646000,-122.330750,18.3
3,4600,47.646000,-122.330736,18.3
3,4800,47.646000,-122.330722,18.3
3,5000,47.646000,-122.330708,18.3
3,5200,47.646000,-122.330694,18.3
3,5400,47.646000,-122.330681,18.3
3,5600,47.646000,-122.330667,18.3
3,5800,47.646000,-122.330653,18.3
3,6000,47.646000,-122.330639,18.3
3,6200,47.646000,-122.330625,18.3
3,6400,47.646000,-122.330611,18.3
3,6600,47.646000,-122.330597,18.3
3,6800,47.646000,-122.330583,18.3
3,7000,47.646000,-122.330569,18.3
3,7200,47.646000,-122.330556,18.3
3,7400,47.646000,-122.330542,18.3
3,7600,47.646000,-122.330528,18.3
3,7800,47.646000,-122.330514,18.3
3,8000,47.646000,-122.330500,18.3
3,8200,47.646000,-122.330486,18.3
3,8400,47.646000,-122.330472,18.3
3,8600,47.646000,-122.330458,18.3
3,8800,47.646000,-122.330444,40.2
3,9000,47.646000,-122.330413,40.2
3,9200,47.646000,-122.330381,40.2
3,9400,47.646000,-122.330349,40.2
3,9600,47.646000,-122.330317,40.2
3,9800,47.646000,-122.330286,40.2
3,10000,47.646000,-122.330254,40.2
3,10200,47.646000,-122.330222,40.2
3,10400,47.646000,-122.330190,40.2
3,10600,47.646000,-122.330159,40.2
3,10800,47.646000,-122.330127,40.2
3,11000,47.646000,-122.330095,40.2
3,11200,47.646000,-122.330063,40.2
3,11400,47.646000,-122.330032,40.2
3,11600,47.646000,-122.330000,0.0
4,0,47.646000,-122.330889,35.8
4,200,47.646000,-122.330861,35.8
4,400,47.646000,-122.330833,35.8
4,600,47.646000,-122.330806,35.8
4,800,47.646000,-122.330778,35.8
4,1000,47.646000,-122.330750,35.8
4,1200,47.646000,-122.330722,35.8
4,1400,47.646000,-122.330694,35.8
4,1600,47.646000,-122.330667,35.8
4,1800,47.646000,-122.330639,35.8
4,2000,47.646000,-122.330611,35.8
4,2200,47.646000,-122.330583,35.8
4,2400,47.646000,-122.330556,35.8
4,2600,47.646000,-122.330528,35.8
4,2800,47.646000,-122.330500,35.8
4,3000,47.646000,-122.330472,35.8
4,3200,47.646000,-122.330444,15.0
4,3400,47.646007,-122.330444,15.0
4,3600,47.646015,-122.330444,15.0
4,3800,47.646022,-122.330444,15.0
4,4000,47.646030,-122.330444,15.0
4,4200,47.646037,-122.330444,15.0
4,4400,47.646045,-122.330444,15.0
4,4600,47.646052,-122.330444,15.0
4,4800,47.646060,-122.330444,15.0
4,5000,47.646067,-122.330444,15.0
4,5200,47.646075,-122.330444,15.0
4,5400,47.646082,-122.330444,15.0
4,5600,47.646090,-122.330444,15.0
4,5800,47.646097,-122.330444,15.0
4,6000,47.646105,-122.330444,15.0
4,6200,47.646112,-122.330444,15.0
4,6400,47.646120,-122.330444,15.0
4,6600,47.646127,-122.330444,15.0
4,6800,47.646135,-122.330444,15.0
4,7000,47.646142,-122.330444,15.0
4,7200,47.646150,-122.330444,15.0
4,7400,47.646157,-122.330444,15.0
4,7600,47.646165,-122.330444,15.0
4,7800,47.646172,-122.330444,15.0
4,8000,47.646180,-122.330444,15.0
4,8200,47.646187,-122.330444,15.0
4,8400,47.646195,-122.330444,15.0
4,8600,47.646202,-122.330444,15.0
4,8800,47.646210,-122.330444,15.0
4,9000,47.646217,-122.330444,15.0
4,9200,47.646225,-122.330444,15.0
4,9400,47.646232,-122.330444,15.0
4,9600,47.646240,-122.330444,15.0
4,9800,47.646247,-122.330444,15.0
4,10000,47.646255,-122.330444,15.0
4,10200,47.646262,-122.330444,15.0
4,10400,47.646270,-122.330444,15.0
4,10600,47.646277,-122.330444,15.0
4,10800,47.646285,-122.330444,15.0
4,11000,47.646292,-122.330444,15.0
4,11200,47.646300,-122.330444,15.0
4,11400,47.646307,-122.330444,15.0
4,11600,47.646315,-122.330444,15.0
4,11800,47.646322,-122.330444,15.0
4,12000,47.646330,-122.330444,15.0
4,12200,47.646337,-122.330444,15.0
4,12400,47.646345,-122.330444,15.0
4,12600,47.646352,-122.330444,15.0
4,12800,47.646360,-122.330444,15.0
4,13000,47.646367,-122.330444,15.0
4,13200,47.646375,-122.330444,15.0
4,13400,47.646382,-122.330444,15.0
4,13600,47.646390,-122.330444,15.0
4,13800,47.646397,-122.330444,15.0
4,14000,47.646404,-122.330444,15.0
4,14200,47.646412,-122.330444,15.0
4,14400,47.646419,-122.330444,15.0
4,14600,47.646427,-122.330444,15.0
4,14800,47.646434,-122.330444,15.0
4,15000,47.646442,-122.330444,15.0
4,15200,47.646449,-122.330444,15.0
4,15400,47.646457,-122.330444,15.0
4,15600,47.646464,-122.330444,15.0
4,15800,47.646472,-122.330444,15.0
4,16000,47.646479,-122.330444,15.0
4,16200,47.646487,-122.330444,15.0
4,16400,47.646494,-122.330444,15.0
4,16600,47.646502,-122.330444,15.0
4,16800,47.646509,-122.330444,15.0
4,17000,47.646517,-122.330444,15.0
4,17200,47.646524,-122.330444,15.0
4,17400,47.646532,-122.330444,15.0
4,17600,47.646539,-122.330444,15.0
4,17800,47.646547,-122.330444,15.0
4,18000,47.646554,-122.330444,15.0
4,18200,47.646562,-122.330444,15.0
4,18400,47.646569,-122.330444,15.0
4,18600,47.646577,-122.330444,15.0
4,18800,47.646584,-122.330444,15.0
4,19000,47.646592,-122.330444,15.0
4,19200,47.646599,-122.330444,15.0
4,19400,47.646607,-122.330444,15.0
4,19600,47.646614,-122.330444,15.0
4,19800,47.646622,-122.330444,15.0
4,20000,47.646629,-122.330444,15.0
4,20200,47.646637,-122.330444,15.0
4,20400,47.646644,-122.330444,15.0
4,20600,47.646652,-122.330444,15.0
4,20800,47.646659,-122.330444,15.0
4,21000,47.646667,-122.330444,18.1
4,21200,47.646667,-122.330431,18.1
4,21400,47.646667,-122.330418,18.1
4,21600,47.646667,-122.330404,18.1
4,21800,47.646667,-122.330391,18.1
4,22000,47.646667,-122.330377,18.1
4,22200,47.646667,-122.330364,18.1
4,22400,47.646667,-122.330350,18.1
4,22600,47.646667,-122.330337,18.1
4,22800,47.646667,-122.330323,18.1
4,23000,47.646667,-122.330310,18.1
4,23200,47.646667,-122.330296,18.1
4,23400,47.646667,-122.330283,18.1
4,23600,47.646667,-122.330269,18.1
4,23800,47.646667,-122.330256,18.1
4,24000,47.646667,-122.330242,18.1
4,24200,47.646667,-122.330229,18.1
4,24400,47.646667,-122.330215,18.1
4,24600,47.646667,-122.330202,18.1
4,24800,47.646667,-122.330189,18.1
4,25000,47.646667,-122.330175,18.1
4,25200,47.646667,-122.330162,18.1
4,25400,47.646667,-122.330148,18.1
4,25600,47.646667,-122.330135,18.1
4,25800,47.646667,-122.330121,18.1
4,26000,47.646667,-122.330108,18.1
4,26200,47.646667,-122.330094,18.1
4,26400,47.646667,-122.330081,18.1
4,26600,47.646667,-122.330067,18.1
4,26800,47.646667,-122.330054,18.1
4,27000,47.646667,-122.330040,18.1
4,27200,47.646667,-122.330027,18.1
4,27400,47.646667,-122.330013,18.1
4,27600,47.646667,-122.330000,44.2
4,27800,47.646667,-122.330034,44.2
4,28000,47.646667,-122.330068,44.2
4,28200,47.646667,-122.330103,44.2
4,28400,47.646667,-122.330137,44.2
4,28600,47.646667,-122.330171,44.2
4,28800,47.646667,-122.330205,44.2
4,29000,47.646667,-122.330239,44.2
4,29200,47.646667,-122.330274,44.2
4,29400,47.646667,-122.330308,44.2
4,29600,47.646667,-122.330342,44.2
4,29800,47.646667,-122.330376,44.2
4,30000,47.646667,-122.330410,44.2
4,30200,47.646667,-122.330444,23.8
4,30400,47.646667,-122.330427,23.8
4,30600,47.646667,-122.330409,23.8
4,30800,47.646667,-122.330391,23.8
4,31000,47.646667,-122.330373,23.8
4,31200,47.646667,-122.330356,23.8
4,31400,47.646667,-122.330338,23.8
4,31600,47.646667,-122.330320,23.8
4,31800,47.646667,-122.330302,23.8
4,32000,47.646667,-122.330284,23.8
4,32200,47.646667,-122.330267,23.8
4,32400,47.646667,-122.330249,23.8
4,32600,47.646667,-122.330231,23.8
4,32800,47.646667,-122.330213,23.8
4,33000,47.646667,-122.330196,23.8
4,33200,47.646667,-122.330178,23.8
4,33400,47.646667,-122.330160,23.8
4,33600,47.646667,-122.330142,23.8
4,33800,47.646667,-122.330124,23.8
4,34000,47.646667,-122.330107,23.8
4,34200,47.646667,-122.330089,23.8
4,34400,47.646667,-122.330071,23.8
4,34600,47.646667,-122.330053,23.8
4,34800,47.646667,-122.330036,23.8
4,35000,47.646667,-122.330018,23.8
4,35200,47.646667,-122.330000,30.5
4,35400,47.646682,-122.330000,30.5
4,35600,47.646698,-122.330000,30.5
4,35800,47.646713,-122.330000,30.5
4,36000,47.646729,-122.330000,30.5
4,36200,47.646744,-122.330000,30.5
4,36400,47.646760,-122.330000,30.5
4,36600,47.646775,-122.330000,30.5
4,36800,47.646791,-122.330000,30.5
4,37000,47.646806,-122.330000,30.5
4,37200,47.646822,-122.330000,30.5
4,37400,47.646837,-122.330000,30.5
4,37600,47.646853,-122.330000,30.5
4,37800,47.646868,-122.330000,30.5
4,38000,47.646884,-122.330000,30.5
4,38200,47.646899,-122.330000,30.5
4,38400,47.646915,-122.330000,30.5
4,38600,47.646930,-122.330000,30.5
4,38800,47.646946,-122.330000,30.5
4,39000,47.646961,-122.330000,30.5
4,39200,47.646977,-122.330000,30.5
4,39400,47.646992,-122.330000,30.5
4,39600,47.647008,-122.330000,30.5
4,39800,47.647023,-122.330000,30.5
4,40000,47.647039,-122.330000,30.5
4,40200,47.647054,-122.330000,30.5
4,40400,47.647070,-122.330000,30.5
4,40600,47.647085,-122.330000,30.5
4,40800,47.647101,-122.330000,30.5
4,41000,47.647116,-122.330000,30.5
4,41200,47.647132,-122.330000,30.5
4,41400,47.647147,-122.330000,30.5
4,41600,47.647163,-122.330000,30.5
4,41800,47.647178,-122.330000,30.5
4,42000,47.647194,-122.330000,30.5
4,42200,47.647209,-122.330000,30.5
4,42400,47.647225,-122.330000,30.5
4,42600,47.647240,-122.330000,30.5
4,42800,47.647256,-122.330000,30.5
4,43000,47.647271,-122.330000,30.5
4,43200,47.647287,-122.330000,30.5
4,43400,47.647302,-122.330000,30.5
4,43600,47.647318,-122.330000,30.5
4,43800,47.647333,-122.330000,33.5
4,44000,47.647333,-122.330026,33.5
4,44200,47.647333,-122.330052,33.5
4,44400,47.647333,-122.330078,33.5
4,44600,47.647333,-122.330105,33.5
4,44800,47.647333,-122.330131,33.5
4,45000,47.647333,-122.330157,33.5
4,45200,47.647333,-122.330183,33.5
4,45400,47.647333,-122.330209,33.5
4,45600,47.647333,-122.330235,33.5
4,45800,47.647333,-122.330261,33.5
4,46000,47.647333,-122.330288,33.5
4,46200,47.647333,-122.330314,33.5
4,46400,47.647333,-122.330340,33.5
4,46600,47.647333,-122.330366,33.5
4,46800,47.647333,-122.330392,33.5
4,47000,47.647333,-122.330418,33.5
4,47200,47.647333,-122.330444,0.0
5,0,47.646000,-122.332667,48.6
5,200,47.646000,-122.332630,48.6
5,400,47.646000,-122.332593,48.6
5,600,47.646000,-122.332556,48.6
5,800,47.646000,-122.332519,48.6
5,1000,47.646000,-122.332481,48.6
5,1200,47.646000,-122.332444,48.6
5,1400,47.646000,-122.332407,48.6
5,1600,47.646000,-122.332370,48.6
5,1800,47.646000,-122.332333,48.6
5,2000,47.646000,-122.332296,48.6
5,2200,47.646000,-122.332259,48.6
5,2400,47.646000,-122.332222,50.1
5,2600,47.646000,-122.332182,50.1
5,2800,47.646000,-122.332141,50.1
5,3000,47.646000,-122.332101,50.1
5,3200,47.646000,-122.332061,50.1
5,3400,47.646000,-122.332020,50.1
5,3600,47.646000,-122.331980,50.1
5,3800,47.646000,-122.331939,50.1
5,4000,47.646000,-122.331899,50.1
5,4200,47.646000,-122.331859,50.1
5,4400,47.646000,-122.331818,50.1
5,4600,47.646000,-122.331778,20.9
5,4800,47.646011,-122.331778,20.9
5,5000,47.646021,-122.331778,20.9
5,5200,47.646032,-122.331778,20.9
5,5400,47.646042,-122.331778,20.9
5,5600,47.646053,-122.331778,20.9
5,5800,47.646063,-122.331778,20.9
5,6000,47.646074,-122.331778,20.9
5,6200,47.646085,-122.331778,20.9
5,6400,47.646095,-122.331778,20.9
5,6600,47.646106,-122.331778,20.9
5,6800,47.646116,-122.331778,20.9
5,7000,47.646127,-122.331778,20.9
5,7200,47.646138,-122.331778,20.9
5,7400,47.646148,-122.331778,20.9
5,7600,47.646159,-122.331778,20.9
5,7800,47.646169,-122.331778,20.9
5,8000,47.646180,-122.331778,20.9
5,8200,47.646190,-122.331778,20.9
5,8400,47.646201,-122.331778,20.9
5,8600,47.646212,-122.331778,20.9
5,8800,47.646222,-122.331778,20.9
5,9000,47.646233,-122.331778,20.9
5,9200,47.646243,-122.331778,20.9
5,9400,47.646254,-122.331778,20.9
5,9600,47.646265,-122.331778,20.9
5,9800,47.646275,-122.331778,20.9
5,10000,47.646286,-122.331778,20.9
5,10200,47.646296,-122.331778,20.9
5,10400,47.646307,-122.331778,20.9
5,10600,47.646317,-122.331778,20.9
5,10800,47.646328,-122.331778,20.9
5,11000,47.646339,-122.331778,20.9
5,11200,47.646349,-122.331778,20.9
5,11400,47.646360,-122.331778,20.9
5,11600,47.646370,-122.331778,20.9
5,11800,47.646381,-122.331778,20.9
5,12000,47.646392,-122.331778,20.9
5,12200,47.646402,-122.331778,20.9
5,12400,47.646413,-122.331778,20.9
5,12600,47.646423,-122.331778,20.9
5,12800,47.646434,-122.331778,20.9
5,13000,47.646444,-122.331778,20.9
5,13200,47.646455,-122.331778,20.9
5,13400,47.646466,-122.331778,20.9
5,13600,47.646476,-122.331778,20.9
5,13800,47.646487,-122.331778,20.9
5,14000,47.646497,-122.331778,20.9
5,14200,47.646508,-122.331778,20.9
5,14400,47.646519,-122.331778,20.9
5,14600,47.646529,-122.331778,20.9
5,14800,47.646540,-122.331778,20.9
5,15000,47.646550,-122.331778,20.9
5,15200,47.646561,-122.331778,20.9
5,15400,47.646571,-122.331778,20.9
5,15600,47.646582,-122.331778,20.9
5,15800,47.646593,-122.331778,20.9
5,16000,47.646603,-122.331778,20.9
5,16200,47.646614,-122.331778,20.9
5,16400,47.646624,-122.331778,20.9
5,16600,47.646635,-122.331778,20.9
5,16800,47.646646,-122.331778,20.9
5,17000,47.646656,-122.331778,20.9
5,17200,47.646667,-122.331778,0.0
6,0,47.647333,-122.332667,14.5
6,200,47.647333,-122.332656,14.5
6,400,47.647333,-122.332645,14.5
6,600,47.647333,-122.332634,14.5
6,800,47.647333,-122.332623,14.5
6,1000,47.647333,-122.332612,14.5
6,1200,47.647333,-122.332602,14.5
6,1400,47.647333,-122.332591,14.5
6,1600,47.647333,-122.332580,14.5
6,1800,47.647333,-122.332569,14.5
6,2000,47.647333,-122.332558,14.5
6,2200,47.647333,-122.332547,14.5
6,2400,47.647333,-122.332537,14.5
6,2600,47.647333,-122.332526,14.5
6,2800,47.647333,-122.332515,14.5
6,3000,47.647333,-122.332504,14.5
6,3200,47.647333,-122.332493,14.5
6,3400,47.647333,-122.332482,14.5
6,3600,47.647333,-122.332472,14.5
6,3800,47.647333,-122.332461,14.5
6,4000,47.647333,-122.332450,14.5
6,4200,47.647333,-122.332439,14.5
6,4400,47.647333,-122.332428,14.5
6,4600,47.647333,-122.332417,14.5
6,4800,47.647333,-122.332407,14.5
6,5000,47.647333,-122.332396,14.5
6,5200,47.647333,-122.332385,14.5
6,5400,47.647333,-122.332374,14.5
6,5600,47.647333,-122.332363,14.5
6,5800,47.647333,-122.332352,14.5
6,6000,47.647333,-122.332341,14.5
6,6200,47.647333,-122.332331,14.5
6,6400,47.647333,-122.332320,14.5
6,6600,47.647333,-122.332309,14.5
6,6800,47.647333,-122.332298,14.5
6,7000,47.647333,-122.332287,14.5
6,7200,47.647333,-122.332276,14.5
6,7400,47.647333,-122.332266,14.5
6,7600,47.647333,-122.332255,14.5
6,7800,47.647333,-122.332244,14.5
6,8000,47.647333,-122.332233,14.5
6,8200,47.647333,-122.332222,29.9
6,8400,47.647333,-122.332244,29.9
6,8600,47.647333,-122.332267,29.9
6,8800,47.647333,-122.332289,29.9
6,9000,47.647333,-122.332311,29.9
6,9200,47.647333,-122.332333,29.9
6,9400,47.647333,-122.332356,29.9
6,9600,47.647333,-122.332378,29.9
6,9800,47.647333,-122.332400,29.9
6,10000,47.647333,-122.332422,29.9
6,10200,47.647333,-122.332444,29.9
6,10400,47.647333,-122.332467,29.9
6,10600,47.647333,-122.332489,29.9
6,10800,47.647333,-122.332511,29.9
6,11000,47.647333,-122.332533,29.9
6,11200,47.647333,-122.332556,29.9
6,11400,47.647333,-122.332578,29.9
6,11600,47.647333,-122.332600,29.9
6,11800,47.647333,-122.332622,29.9
6,12000,47.647333,-122.332644,29.9
6,12200,47.647333,-122.332667,51.1
6,12400,47.647359,-122.332667,51.1
6,12600,47.647385,-122.332667,51.1
6,12800,47.647410,-122.332667,51.1
6,13000,47.647436,-122.332667,51.1
6,13200,47.647462,-122.332667,51.1
6,13400,47.647487,-122.332667,51.1
6,13600,47.647513,-122.332667,51.1
6,13800,47.647538,-122.332667,51.1
6,14000,47.647564,-122.332667,51.1
6,14200,47.647590,-122.332667,51.1
6,14400,47.647615,-122.332667,51.1
6,14600,47.647641,-122.332667,51.1
6,14800,47.647667,-122.332667,51.1
6,15000,47.647692,-122.332667,51.1
6,15200,47.647718,-122.332667,51.1
6,15400,47.647744,-122.332667,51.1
6,15600,47.647769,-122.332667,51.1
6,15800,47.647795,-122.332667,51.1
6,16000,47.647821,-122.332667,51.1
6,16200,47.647846,-122.332667,51.1
6,16400,47.647872,-122.332667,51.1
6,16600,47.647897,-122.332667,51.1
6,16800,47.647923,-122.332667,51.1
6,17000,47.647949,-122.332667,51.1
6,17200,47.647974,-122.332667,51.1
6,17400,47.648000,-122.332667,45.5
6,17600,47.648023,-122.332667,45.5
6,17800,47.648046,-122.332667,45.5
6,18000,47.648069,-122.332667,45.5
6,18200,47.648092,-122.332667,45.5
6,18400,47.648115,-122.332667,45.5
6,18600,47.648138,-122.332667,45.5
6,18800,47.648161,-122.332667,45.5
6,19000,47.648184,-122.332667,45.5
6,19200,47.648207,-122.332667,45.5
6,19400,47.648230,-122.332667,45.5
6,19600,47.648253,-122.332667,45.5
6,19800,47.648276,-122.332667,45.5
6,20000,47.648299,-122.332667,45.5
6,20200,47.648322,-122.332667,45.5
6,20400,47.648345,-122.332667,45.5
6,20600,47.648368,-122.332667,45.5
6,20800,47.648391,-122.332667,45.5
6,21000,47.648414,-122.332667,45.5
6,21200,47.648437,-122.332667,45.5
6,21400,47.648460,-122.332667,45.5
6,21600,47.648483,-122.332667,45.5
6,21800,47.648506,-122.332667,45.5
6,22000,47.648529,-122.332667,45.5
6,22200,47.648552,-122.332667,45.5
6,22400,47.648575,-122.332667,45.5
6,22600,47.648598,-122.332667,45.5
6,22800,47.648621,-122.332667,45.5
6,23000,47.648644,-122.332667,45.5
6,23200,47.648667,-122.332667,25.7
6,23400,47.648667,-122.332647,25.7
6,23600,47.648667,-122.332628,25.7
6,23800,47.648667,-122.332609,25.7
6,24000,47.648667,-122.332589,25.7
6,24200,47.648667,-122.332570,25.7
6,24400,47.648667,-122.332551,25.7
6,24600,47.648667,-122.332531,25.7
6,24800,47.648667,-122.332512,25.7
6,25000,47.648667,-122.332493,25.7
6,25200,47.648667,-122.332473,25.7
6,25400,47.648667,-122.332454,25.7
6,25600,47.648667,-122.332435,25.7
6,25800,47.648667,-122.332415,25.7
6,26000,47.648667,-122.332396,25.7
6,26200,47.648667,-122.332377,25.7
6,26400,47.648667,-122.332357,25.7
6,26600,47.648667,-122.332338,25.7
6,26800,47.648667,-122.332319,25.7
6,27000,47.648667,-122.332300,25.7
6,27200,47.648667,-122.332280,25.7
6,27400,47.648667,-122.332261,25.7
6,27600,47.648667,-122.332242,25.7
6,27800,47.648667,-122.332222,42.0
6,28000,47.648667,-122.332254,42.0
6,28200,47.648667,-122.332286,42.0
6,28400,47.648667,-122.332317,42.0
6,28600,47.648667,-122.332349,42.0
6,28800,47.648667,-122.332381,42.0
6,29000,47.648667,-122.332413,42.0
6,29200,47.648667,-122.332444,42.0
6,29400,47.648667,-122.332476,42.0
6,29600,47.648667,-122.332508,42.0
6,29800,47.648667,-122.332540,42.0
6,30000,47.648667,-122.332571,42.0
6,30200,47.648667,-122.332603,42.0
6,30400,47.648667,-122.332635,42.0
6,30600,47.648667,-122.332667,43.3
6,30800,47.648667,-122.332701,43.3
6,31000,47.648667,-122.332735,43.3
6,31200,47.648667,-122.332769,43.3
6,31400,47.648667,-122.332803,43.3
6,31600,47.648667,-122.332838,43.3
6,31800,47.648667,-122.332872,43.3
6,32000,47.648667,-122.332906,43.3
6,32200,47.648667,-122.332940,43.3
6,32400,47.648667,-122.332974,43.3
6,32600,47.648667,-122.333009,43.3
6,32800,47.648667,-122.333043,43.3
6,33000,47.648667,-122.333077,43.3
6,33200,47.648667,-122.333111,45.4
6,33400,47.648667,-122.333145,45.4
6,33600,47.648667,-122.333179,45.4
6,33800,47.648667,-122.333214,45.4
6,34000,47.648667,-122.333248,45.4
6,34200,47.648667,-122.333282,45.4
6,34400,47.648667,-122.333316,45.4
6,34600,47.648667,-122.333350,45.4
6,34800,47.648667,-122.333385,45.4
6,35000,47.648667,-122.333419,45.4
6,35200,47.648667,-122.333453,45.4
6,35400,47.648667,-122.333487,45.4
6,35600,47.648667,-122.333521,45.4
6,35800,47.648667,-122.333556,0.0
7,0,47.646667,-122.334000,40.6
7,200,47.646667,-122.333968,40.6
7,400,47.646667,-122.333937,40.6
7,600,47.646667,-122.333905,40.6
7,800,47.646667,-122.333873,40.6
7,1000,47.646667,-122.333841,40.6
7,1200,47.646667,-122.333810,40.6
7,1400,47.646667,-122.333778,40.6
7,1600,47.646667,-122.333746,40.6
7,1800,47.646667,-122.333714,40.6
7,2000,47.646667,-122.333683,40.6
7,2200,47.646667,-122.333651,40.6
7,2400,47.646667,-122.333619,40.6
7,2600,47.646667,-122.333587,40.6
7,2800,47.646667,-122.333556,33.7
7,3000,47.646667,-122.333529,33.7
7,3200,47.646667,-122.333503,33.7
7,3400,47.646667,-122.333477,33.7
7,3600,47.646667,-122.333451,33.7
7,3800,47.646667,-122.333425,33.7
7,4000,47.646667,-122.333399,33.7
7,4200,47.646667,-122.333373,33.7
7,4400,47.646667,-122.333346,33.7
7,4600,47.646667,-122.333320,33.7
7,4800,47.646667,-122.333294,33.7
7,5000,47.646667,-122.333268,33.7
7,5200,47.646667,-122.333242,33.7
7,5400,47.646667,-122.333216,33.7
7,5600,47.646667,-122.333190,33.7
7,5800,47.646667,-122.333163,33.7
7,6000,47.646667,-122.333137,33.7
7,6200,47.646667,-122.333111,21.9
7,6400,47.646667,-122.333128,21.9
7,6600,47.646667,-122.333144,21.9
7,6800,47.646667,-122.333160,21.9
7,7000,47.646667,-122.333177,21.9
7,7200,47.646667,-122.333193,21.9
7,7400,47.646667,-122.333210,21.9
7,7600,47.646667,-122.333226,21.9
7,7800,47.646667,-122.333243,21.9
7,8000,47.646667,-122.333259,21.9
7,8200,47.646667,-122.333276,21.9
7,8400,47.646667,-122.333292,21.9
7,8600,47.646667,-122.333309,21.9
7,8800,47.646667,-122.333325,21.9
7,9000,47.646667,-122.333342,21.9
7,9200,47.646667,-122.333358,21.9
7,9400,47.646667,-122.333374,21.9
7,9600,47.646667,-122.333391,21.9
7,9800,47.646667,-122.333407,21.9
7,10000,47.646667,-122.333424,21.9
7,10200,47.646667,-122.333440,21.9
7,10400,47.646667,-122.333457,21.9
7,10600,47.646667,-122.333473,21.9
7,10800,47.646667,-122.333490,21.9
7,11000,47.646667,-122.333506,21.9
7,11200,47.646667,-122.333523,21.9
7,11400,47.646667,-122.333539,21.9
7,11600,47.646667,-122.333556,23.0
7,11800,47.646678,-122.333556,23.0
7,12000,47.646690,-122.333556,23.0
7,12200,47.646702,-122.333556,23.0
7,12400,47.646713,-122.333556,23.0
7,12600,47.646725,-122.333556,23.0
7,12800,47.646737,-122.333556,23.0
7,13000,47.646749,-122.333556,23.0
7,13200,47.646760,-122.333556,23.0
7,13400,47.646772,-122.333556,23.0
7,13600,47.646784,-122.333556,23.0
7,13800,47.646795,-122.333556,23.0
7,14000,47.646807,-122.333556,23.0
7,14200,47.646819,-122.333556,23.0
7,14400,47.646830,-122.333556,23.0
7,14600,47.646842,-122.333556,23.0
7,14800,47.646854,-122.333556,23.0
7,15000,47.646865,-122.333556,23.0
7,15200,47.646877,-122.333556,23.0
7,15400,47.646889,-122.333556,23.0
7,15600,47.646901,-122.333556,23.0
7,15800,47.646912,-122.333556,23.0
7,16000,47.646924,-122.333556,23.0
7,16200,47.646936,-122.333556,23.0
7,16400,47.646947,-122.333556,23.0
7,16600,47.646959,-122.333556,23.0
7,16800,47.646971,-122.333556,23.0
7,17000,47.646982,-122.333556,23.0
7,17200,47.646994,-122.333556,23.0
7,17400,47.647006,-122.333556,23.0
7,17600,47.647018,-122.333556,23.0
7,17800,47.647029,-122.333556,23.0
7,18000,47.647041,-122.333556,23.0
7,18200,47.647053,-122.333556,23.0
7,18400,47.647064,-122.333556,23.0
7,18600,47.647076,-122.333556,23.0
7,18800,47.647088,-122.333556,23.0
7,19000,47.647099,-122.333556,23.0
7,19200,47.647111,-122.333556,23.0
7,19400,47.647123,-122.333556,23.0
7,19600,47.647135,-122.333556,23.0
7,19800,47.647146,-122.333556,23.0
7,20000,47.647158,-122.333556,23.0
7,20200,47.647170,-122.333556,23.0
7,20400,47.647181,-122.333556,23.0
7,20600,47.647193,-122.333556,23.0
7,20800,47.647205,-122.333556,23.0
7,21000,47.647216,-122.333556,23.0
7,21200,47.647228,-122.333556,23.0
7,21400,47.647240,-122.333556,23.0
7,21600,47.647251,-122.333556,23.0
7,21800,47.647263,-122.333556,23.0
7,22000,47.647275,-122.333556,23.0
7,22200,47.647287,-122.333556,23.0
7,22400,47.647298,-122.333556,23.0
7,22600,47.647310,-122.333556,23.0
7,22800,47.647322,-122.333556,23.0
7,23000,47.647333,-122.333556,16.7
7,23200,47.647333,-122.333543,16.7
7,23400,47.647333,-122.333530,16.7
7,23600,47.647333,-122.333517,16.7
7,23800,47.647333,-122.333505,16.7
7,24000,47.647333,-122.333492,16.7
7,24200,47.647333,-122.333479,16.7
7,24400,47.647333,-122.333467,16.7
7,24600,47.647333,-122.333454,16.7
7,24800,47.647333,-122.333441,16.7
7,25000,47.647333,-122.333429,16.7
7,25200,47.647333,-122.333416,16.7
7,25400,47.647333,-122.333403,16.7
7,25600,47.647333,-122.333390,16.7
7,25800,47.647333,-122.333378,16.7
7,26000,47.647333,-122.333365,16.7
7,26200,47.647333,-122.333352,16.7
7,26400,47.647333,-122.333340,16.7
7,26600,47.647333,-122.333327,16.7
7,26800,47.647333,-122.333314,16.7
7,27000,47.647333,-122.333302,16.7
7,27200,47.647333,-122.333289,16.7
7,27400,47.647333,-122.333276,16.7
7,27600,47.647333,-122.333263,16.7
7,27800,47.647333,-122.333251,16.7
7,28000,47.647333,-122.333238,16.7
7,28200,47.647333,-122.333225,16.7
7,28400,47.647333,-122.333213,16.7
7,28600,47.647333,-122.333200,16.7
7,28800,47.647333,-122.333187,16.7
7,29000,47.647333,-122.333175,16.7
7,29200,47.647333,-122.333162,16.7
7,29400,47.647333,-122.333149,16.7
7,29600,47.647333,-122.333137,16.7
7,29800,47.647333,-122.333124,16.7
7,30000,47.647333,-122.333111,0.0
8,0,47.649333,-122.330889,43.5
8,200,47.649333,-122.330855,43.5
8,400,47.649333,-122.330821,43.5
8,600,47.649333,-122.330786,43.5
8,800,47.649333,-122.330752,43.5
8,1000,47.649333,-122.330718,43.5
8,1200,47.649333,-122.330684,43.5
8,1400,47.649333,-122.330650,43.5
8,1600,47.649333,-122.330615,43.5
8,1800,47.649333,-122.330581,43.5
8,2000,47.649333,-122.330547,43.5
8,2200,47.649333,-122.330513,43.5
8,2400,47.649333,-122.330479,43.5
8,2600,47.649333,-122.330444,16.8
8,2800,47.649333,-122.330432,16.8
8,3000,47.649333,-122.330419,16.8
8,3200,47.649333,-122.330406,16.8
8,3400,47.649333,-122.330394,16.8
8,3600,47.649333,-122.330381,16.8
8,3800,47.649333,-122.330368,16.8
8,4000,47.649333,-122.330356,16.8
8,4200,47.649333,-122.330343,16.8
8,4400,47.649333,-122.330330,16.8
8,4600,47.649333,-122.330317,16.8
8,4800,47.649333,-122.330305,16.8
8,5000,47.649333,-122.330292,16.8
8,5200,47.649333,-122.330279,16.8
8,5400,47.649333,-122.330267,16.8
8,5600,47.649333,-122.330254,16.8
8,5800,47.649333,-122.330241,16.8
8,6000,47.649333,-122.330229,16.8
8,6200,47.649333,-122.330216,16.8
8,6400,47.649333,-122.330203,16.8
8,6600,47.649333,-122.330190,16.8
8,6800,47.649333,-122.330178,16.8
8,7000,47.649333,-122.330165,16.8
8,7200,47.649333,-122.330152,16.8
8,7400,47.649333,-122.330140,16.8
8,7600,47.649333,-122.330127,16.8
8,7800,47.649333,-122.330114,16.8
8,8000,47.649333,-122.330102,16.8
8,8200,47.649333,-122.330089,16.8
8,8400,47.649333,-122.330076,16.8
8,8600,47.649333,-122.330063,16.8
8,8800,47.649333,-122.330051,16.8
8,9000,47.649333,-122.330038,16.8
8,9200,47.649333,-122.330025,16.8
8,9400,47.649333,-122.330013,16.8
8,9600,47.649333,-122.330000,26.8
8,9800,47.649347,-122.330000,26.8
8,10000,47.649361,-122.330000,26.8
8,10200,47.649374,-122.330000,26.8
8,10400,47.649388,-122.330000,26.8
8,10600,47.649401,-122.330000,26.8
8,10800,47.649415,-122.330000,26.8
8,11000,47.649429,-122.330000,26.8
8,11200,47.649442,-122.330000,26.8
8,11400,47.649456,-122.330000,26.8
8,11600,47.649469,-122.330000,26.8
8,11800,47.649483,-122.330000,26.8
8,12000,47.649497,-122.330000,26.8
8,12200,47.649510,-122.330000,26.8
8,12400,47.649524,-122.330000,26.8
8,12600,47.649537,-122.330000,26.8
8,12800,47.649551,-122.330000,26.8
8,13000,47.649565,-122.330000,26.8
8,13200,47.649578,-122.330000,26.8
8,13400,47.649592,-122.330000,26.8
8,13600,47.649605,-122.330000,26.8
8,13800,47.649619,-122.330000,26.8
8,14000,47.649633,-122.330000,26.8
8,14200,47.649646,-122.330000,26.8
8,14400,47.649660,-122.330000,26.8
8,14600,47.649673,-122.330000,26.8
8,14800,47.649687,-122.330000,26.8
8,15000,47.649701,-122.330000,26.8
8,15200,47.649714,-122.330000,26.8
8,15400,47.649728,-122.330000,26.8
8,15600,47.649741,-122.330000,26.8
8,15800,47.649755,-122.330000,26.8
8,16000,47.649769,-122.330000,26.8
8,16200,47.649782,-122.330000,26.8
8,16400,47.649796,-122.330000,26.8
8,16600,47.649810,-122.330000,26.8
8,16800,47.649823,-122.330000,26.8
8,17000,47.649837,-122.330000,26.8
8,17200,47.649850,-122.330000,26.8
8,17400,47.649864,-122.330000,26.8
8,17600,47.649878,-122.330000,26.8
8,17800,47.649891,-122.330000,26.8
8,18000,47.649905,-122.330000,26.8
8,18200,47.649918,-122.330000,26.8
8,18400,47.649932,-122.330000,26.8
8,18600,47.649946,-122.330000,26.8
8,18800,47.649959,-122.330000,26.8
8,19000,47.649973,-122.330000,26.8
8,19200,47.649986,-122.330000,26.8
8,19400,47.650000,-122.330000,16.4
8,19600,47.650000,-122.330012,16.4
8,19800,47.650000,-122.330025,16.4
8,20000,47.650000,-122.330037,16.4
8,20200,47.650000,-122.330049,16.4
8,20400,47.650000,-122.330062,16.4
8,20600,47.650000,-122.330074,16.4
8,20800,47.650000,-122.330086,16.4
8,21000,47.650000,-122.330099,16.4
8,21200,47.650000,-122.330111,16.4
8,21400,47.650000,-122.330123,16.4
8,21600,47.650000,-122.330136,16.4
8,21800,47.650000,-122.330148,16.4
8,22000,47.650000,-122.330160,16.4
8,22200,47.650000,-122.330173,16.4
8,22400,47.650000,-122.330185,16.4
8,22600,47.650000,-122.330198,16.4
8,22800,47.650000,-122.330210,16.4
8,23000,47.650000,-122.330222,16.4
8,23200,47.650000,-122.330235,16.4
8,23400,47.650000,-122.330247,16.4
8,23600,47.650000,-122.330259,16.4
8,23800,47.650000,-122.330272,16.4
8,24000,47.650000,-122.330284,16.4
8,24200,47.650000,-122.330296,16.4
8,24400,47.650000,-122.330309,16.4
8,24600,47.650000,-122.330321,16.4
8,24800,47.650000,-122.330333,16.4
8,25000,47.650000,-122.330346,16.4
8,25200,47.650000,-122.330358,16.4
8,25400,47.650000,-122.330370,16.4
8,25600,47.650000,-122.330383,16.4
8,25800,47.650000,-122.330395,16.4
8,26000,47.650000,-122.330407,16.4
8,26200,47.650000,-122.330420,16.4
8,26400,47.650000,-122.330432,16.4
8,26600,47.650000,-122.330444,0.0
9,0,47.648000,-122.331778,33.3
9,200,47.648017,-122.331778,33.3
9,400,47.648033,-122.331778,33.3
9,600,47.648050,-122.331778,33.3
9,800,47.648067,-122.331778,33.3
9,1000,47.648083,-122.331778,33.3
9,1200,47.648100,-122.331778,33.3
9,1400,47.648117,-122.331778,33.3
9,1600,47.648133,-122.331778,33.3
9,1800,47.648150,-122.331778,33.3
9,2000,47.648167,-122.331778,33.3
9,2200,47.648183,-122.331778,33.3
9,2400,47.648200,-122.331778,33.3
9,2600,47.648217,-122.331778,33.3
9,2800,47.648233,-122.331778,33.3
9,3000,47.648250,-122.331778,33.3
9,3200,47.648267,-122.331778,33.3
9,3400,47.648283,-122.331778,33.3
9,3600,47.648300,-122.331778,33.3
9,3800,47.648317,-122.331778,33.3
9,4000,47.648333,-122.331778,33.3
9,4200,47.648350,-122.331778,33.3
9,4400,47.648367,-122.331778,33.3
9,4600,47.648383,-122.331778,33.3
9,4800,47.648400,-122.331778,33.3
9,5000,47.648417,-122.331778,33.3
9,5200,47.648433,-122.331778,33.3
9,5400,47.648450,-122.331778,33.3
9,5600,47.648467,-122.331778,33.3
9,5800,47.648483,-122.331778,33.3
9,6000,47.648500,-122.331778,33.3
9,6200,47.648517,-122.331778,33.3
9,6400,47.648533,-122.331778,33.3
9,6600,47.648550,-122.331778,33.3
9,6800,47.648567,-122.331778,33.3
9,7000,47.648583,-122.331778,33.3
9,7200,47.648600,-122.331778,33.3
9,7400,47.648617,-122.331778,33.3
9,7600,47.648633,-122.331778,33.3
9,7800,47.648650,-122.331778,33.3
9,8000,47.648667,-122.331778,50.8
9,8200,47.648667,-122.331737,50.8
9,8400,47.648667,-122.331697,50.8
9,8600,47.648667,-122.331657,50.8
9,8800,47.648667,-122.331616,50.8
9,9000,47.648667,-122.331576,50.8
9,9200,47.648667,-122.331535,50.8
9,9400,47.648667,-122.331495,50.8
9,9600,47.648667,-122.331455,50.8
9,9800,47.648667,-122.331414,50.8
9,10000,47.648667,-122.331374,50.8
9,10200,47.648667,-122.331333,35.4
9,10400,47.648667,-122.331361,35.4
9,10600,47.648667,-122.331389,35.4
9,10800,47.648667,-122.331417,35.4
9,11000,47.648667,-122.331444,35.4
9,11200,47.648667,-122.331472,35.4
9,11400,47.648667,-122.331500,35.4
9,11600,47.648667,-122.331528,35.4
9,11800,47.648667,-122.331556,35.4
9,12000,47.648667,-122.331583,35.4
9,12200,47.648667,-122.331611,35.4
9,12400,47.648667,-122.331639,35.4
9,12600,47.648667,-122.331667,35.4
9,12800,47.648667,-122.331694,35.4
9,13000,47.648667,-122.331722,35.4
9,13200,47.648667,-122.331750,35.4
9,13400,47.648667,-122.331778,16.7
9,13600,47.648667,-122.331765,16.7
9,13800,47.648667,-122.331752,16.7
9,14000,47.648667,-122.331740,16.7
9,14200,47.648667,-122.331727,16.7
9,14400,47.648667,-122.331714,16.7
9,14600,47.648667,-122.331702,16.7
9,14800,47.648667,-122.331689,16.7
9,15000,47.648667,-122.331676,16.7
9,15200,47.648667,-122.331663,16.7
9,15400,47.648667,-122.331651,16.7
9,15600,47.648667,-122.331638,16.7
9,15800,47.648667,-122.331625,16.7
9,16000,47.648667,-122.331613,16.7
9,16200,47.648667,-122.331600,16.7
9,16400,47.648667,-122.331587,16.7
9,16600,47.648667,-122.331575,16.7
9,16800,47.648667,-122.331562,16.7
9,17000,47.648667,-122.331549,16.7
9,17200,47.648667,-122.331537,16.7
9,17400,47.648667,-122.331524,16.7
9,17600,47.648667,-122.331511,16.7
9,17800,47.648667,-122.331498,16.7
9,18000,47.648667,-122.331486,16.7
9,18200,47.648667,-122.331473,16.7
9,18400,47.648667,-122.331460,16.7
9,18600,47.648667,-122.331448,16.7
9,18800,47.648667,-122.331435,16.7
9,19000,47.648667,-122.331422,16.7
9,19200,47.648667,-122.331410,16.7
9,19400,47.648667,-122.331397,16.7
9,19600,47.648667,-122.331384,16.7
9,19800,47.648667,-122.331371,16.7
9,20000,47.648667,-122.331359,16.7
9,20200,47.648667,-122.331346,16.7
9,20400,47.648667,-122.331333,0.0
10,0,47.646667,-122.331333,34.5
10,200,47.646667,-122.331307,34.5
10,400,47.646667,-122.331281,34.5
10,600,47.646667,-122.331255,34.5
10,800,47.646667,-122.331229,34.5
10,1000,47.646667,-122.331203,34.5
10,1200,47.646667,-122.331176,34.5
10,1400,47.646667,-122.331150,34.5
10,1600,47.646667,-122.331124,34.5
10,1800,47.646667,-122.331098,34.5
10,2000,47.646667,-122.331072,34.5
10,2200,47.646667,-122.331046,34.5
10,2400,47.646667,-122.331020,34.5
10,2600,47.646667,-122.330993,34.5
10,2800,47.646667,-122.330967,34.5
10,3000,47.646667,-122.330941,34.5
10,3200,47.646667,-122.330915,34.5
10,3400,47.646667,-122.330889,48.1
10,3600,47.646667,-122.330852,48.1
10,3800,47.646667,-122.330815,48.1
10,4000,47.646667,-122.330778,48.1
10,4200,47.646667,-122.330741,48.1
10,4400,47.646667,-122.330704,48.1
10,4600,47.646667,-122.330667,48.1
10,4800,47.646667,-122.330630,48.1
10,5000,47.646667,-122.330593,48.1
10,5200,47.646667,-122.330556,48.1
10,5400,47.646667,-122.330519,48.1
10,5600,47.646667,-122.330481,48.1
10,5800,47.646667,-122.330444,17.1
10,6000,47.646667,-122.330457,17.1
10,6200,47.646667,-122.330470,17.1
10,6400,47.646667,-122.330483,17.1
10,6600,47.646667,-122.330495,17.1
10,6800,47.646667,-122.330508,17.1
10,7000,47.646667,-122.330521,17.1
10,7200,47.646667,-122.330533,17.1
10,7400,47.646667,-122.330546,17.1
10,7600,47.646667,-122.330559,17.1
10,7800,47.646667,-122.330571,17.1
10,8000,47.646667,-122.330584,17.1
10,8200,47.646667,-122.330597,17.1
10,8400,47.646667,-122.330610,17.1
10,8600,47.646667,-122.330622,17.1
10,8800,47.646667,-122.330635,17.1
10,9000,47.646667,-122.330648,17.1
10,9200,47.646667,-122.330660,17.1
10,9400,47.646667,-122.330673,17.1
10,9600,47.646667,-122.330686,17.1
10,9800,47.646667,-122.330698,17.1
10,10000,47.646667,-122.330711,17.1
10,10200,47.646667,-122.330724,17.1
10,10400,47.646667,-122.330737,17.1
10,10600,47.646667,-122.330749,17.1
10,10800,47.646667,-122.330762,17.1
10,11000,47.646667,-122.330775,17.1
10,11200,47.646667,-122.330787,17.1
10,11400,47.646667,-122.330800,17.1
10,11600,47.646667,-122.330813,17.1
10,11800,47.646667,-122.330825,17.1
10,12000,47.646667,-122.330838,17.1
10,12200,47.646667,-122.330851,17.1
10,12400,47.646667,-122.330863,17.1
10,12600,47.646667,-122.330876,17.1
10,12800,47.646667,-122.330889,17.1
10,13000,47.646667,-122.330902,17.1
10,13200,47.646667,-122.330914,17.1
10,13400,47.646667,-122.330927,17.1
10,13600,47.646667,-122.330940,17.1
10,13800,47.646667,-122.330952,17.1
10,14000,47.646667,-122.330965,17.1
10,14200,47.646667,-122.330978,17.1
10,14400,47.646667,-122.330990,17.1
10,14600,47.646667,-122.331003,17.1
10,14800,47.646667,-122.331016,17.1
10,15000,47.646667,-122.331029,17.1
10,15200,47.646667,-122.331041,17.1
10,15400,47.646667,-122.331054,17.1
10,15600,47.646667,-122.331067,17.1
10,15800,47.646667,-122.331079,17.1
10,16000,47.646667,-122.331092,17.1
10,16200,47.646667,-122.331105,17.1
10,16400,47.646667,-122.331117,17.1
10,16600,47.646667,-122.331130,17.1
10,16800,47.646667,-122.331143,17.1
10,17000,47.646667,-122.331156,17.1
10,17200,47.646667,-122.331168,17.1
10,17400,47.646667,-122.331181,17.1
10,17600,47.646667,-122.331194,17.1
10,17800,47.646667,-122.331206,17.1
10,18000,47.646667,-122.331219,17.1
10,18200,47.646667,-122.331232,17.1
10,18400,47.646667,-122.331244,17.1
10,18600,47.646667,-122.331257,17.1
10,18800,47.646667,-122.331270,17.1
10,19000,47.646667,-122.331283,17.1
10,19200,47.646667,-122.331295,17.1
10,19400,47.646667,-122.331308,17.1
10,19600,47.646667,-122.331321,17.1
10,19800,47.646667,-122.331333,48.5
10,20000,47.646667,-122.331296,48.5
10,20200,47.646667,-122.331259,48.5
10,20400,47.646667,-122.331222,48.5
10,20600,47.646667,-122.331185,48.5
10,20800,47.646667,-122.331148,48.5
10,21000,47.646667,-122.331111,48.5
10,21200,47.646667,-122.331074,48.5
10,21400,47.646667,-122.331037,48.5
10,21600,47.646667,-122.331000,48.5
10,21800,47.646667,-122.330963,48.5
10,22000,47.646667,-122.330926,48.5
10,22200,47.646667,-122.330889,30.4
10,22400,47.646667,-122.330912,30.4
10,22600,47.646667,-122.330936,30.4
10,22800,47.646667,-122.330959,30.4
10,23000,47.646667,-122.330982,30.4
10,23200,47.646667,-122.331006,30.4
10,23400,47.646667,-122.331029,30.4
10,23600,47.646667,-122.331053,30.4
10,23800,47.646667,-122.331076,30.4
10,24000,47.646667,-122.331099,30.4
10,24200,47.646667,-122.331123,30.4
10,24400,47.646667,-122.331146,30.4
10,24600,47.646667,-122.331170,30.4
10,24800,47.646667,-122.331193,30.4
10,25000,47.646667,-122.331216,30.4
10,25200,47.646667,-122.331240,30.4
10,25400,47.646667,-122.331263,30.4
10,25600,47.646667,-122.331287,30.4
10,25800,47.646667,-122.331310,30.4
10,26000,47.646667,-122.331333,51.7
10,26200,47.646693,-122.331333,51.7
10,26400,47.646720,-122.331333,51.7
10,26600,47.646747,-122.331333,51.7
10,26800,47.646773,-122.331333,51.7
10,27000,47.646800,-122.331333,51.7
10,27200,47.646827,-122.331333,51.7
10,27400,47.646853,-122.331333,51.7
10,27600,47.646880,-122.331333,51.7
10,27800,47.646907,-122.331333,51.7
10,28000,47.646933,-122.331333,51.7
10,28200,47.646960,-122.331333,51.7
10,28400,47.646987,-122.331333,51.7
10,28600,47.647013,-122.331333,51.7
10,28800,47.647040,-122.331333,51.7
10,29000,47.647067,-122.331333,51.7
10,29200,47.647093,-122.331333,51.7
10,29400,47.647120,-122.331333,51.7
10,29600,47.647147,-122.331333,51.7
10,29800,47.647173,-122.331333,51.7
10,30000,47.647200,-122.331333,51.7
10,30200,47.647227,-122.331333,51.7
10,30400,47.647253,-122.331333,51.7
10,30600,47.647280,-122.331333,51.7
10,30800,47.647307,-122.331333,51.7
10,31000,47.647333,-122.331333,0.0
11,0,47.649333,-122.331778,37.0
11,200,47.649333,-122.331750,37.0
11,400,47.649333,-122.331722,37.0
11,600,47.649333,-122.331694,37.0
11,800,47.649333,-122.331667,37.0
11,1000,47.649333,-122.331639,37.0
11,1200,47.649333,-122.331611,37.0
11,1400,47.649333,-122.331583,37.0
11,1600,47.649333,-122.331556,37.0
11,1800,47.649333,-122.331528,37.0
11,2000,47.649333,-122.331500,37.0
11,2200,47.649333,-122.331472,37.0
11,2400,47.649333,-122.331444,37.0
11,2600,47.649333,-122.331417,37.0
11,2800,47.649333,-122.331389,37.0
11,3000,47.649333,-122.331361,37.0
11,3200,47.649333,-122.331333,37.3
11,3400,47.649333,-122.331306,37.3
11,3600,47.649333,-122.331278,37.3
11,3800,47.649333,-122.331250,37.3
11,4000,47.649333,-122.331222,37.3
11,4200,47.649333,-122.331194,37.3
11,4400,47.649333,-122.331167,37.3
11,4600,47.649333,-122.331139,37.3
11,4800,47.649333,-122.331111,37.3
11,5000,47.649333,-122.331083,37.3
11,5200,47.649333,-122.331056,37.3
11,5400,47.649333,-122.331028,37.3
11,5600,47.649333,-122.331000,37.3
11,5800,47.649333,-122.330972,37.3
11,6000,47.649333,-122.330944,37.3
11,6200,47.649333,-122.330917,37.3
11,6400,47.649333,-122.330889,16.0
11,6600,47.649333,-122.330877,16.0
11,6800,47.649333,-122.330865,16.0
11,7000,47.649333,-122.330853,16.0
11,7200,47.649333,-122.330841,16.0
11,7400,47.649333,-122.330829,16.0
11,7600,47.649333,-122.330817,16.0
11,7800,47.649333,-122.330805,16.0
11,8000,47.649333,-122.330793,16.0
11,8200,47.649333,-122.330781,16.0
11,8400,47.649333,-122.330769,16.0
11,8600,47.649333,-122.330757,16.0
11,8800,47.649333,-122.330745,16.0
11,9000,47.649333,-122.330733,16.0
11,9200,47.649333,-122.330721,16.0
11,9400,47.649333,-122.330709,16.0
11,9600,47.649333,-122.330697,16.0
11,9800,47.649333,-122.330685,16.0
11,10000,47.649333,-122.330673,16.0
11,10200,47.649333,-122.330661,16.0
11,10400,47.649333,-122.330649,16.0
11,10600,47.649333,-122.330637,16.0
11,10800,47.649333,-122.330625,16.0
11,11000,47.649333,-122.330613,16.0
11,11200,47.649333,-122.330601,16.0
11,11400,47.649333,-122.330589,16.0
11,11600,47.649333,-122.330577,16.0
11,11800,47.649333,-122.330565,16.0
11,12000,47.649333,-122.330553,16.0
11,12200,47.649333,-122.330541,16.0
11,12400,47.649333,-122.330529,16.0
11,12600,47.649333,-122.330517,16.0
11,12800,47.649333,-122.330505,16.0
11,13000,47.649333,-122.330492,16.0
11,13200,47.649333,-122.330480,16.0
11,13400,47.649333,-122.330468,16.0
11,13600,47.649333,-122.330456,16.0
11,13800,47.649333,-122.330444,0.0
12,0,47.649333,-122.332222,17.6
12,200,47.649333,-122.332236,17.6
12,400,47.649333,-122.332249,17.6
12,600,47.649333,-122.332263,17.6
12,800,47.649333,-122.332276,17.6
12,1000,47.649333,-122.332290,17.6
12,1200,47.649333,-122.332303,17.6
12,1400,47.649333,-122.332316,17.6
12,1600,47.649333,-122.332330,17.6
12,1800,47.649333,-122.332343,17.6
12,2000,47.649333,-122.332357,17.6
12,2200,47.649333,-122.332370,17.6
12,2400,47.649333,-122.332384,17.6
12,2600,47.649333,-122.332397,17.6
12,2800,47.649333,-122.332411,17.6
12,3000,47.649333,-122.332424,17.6
12,3200,47.649333,-122.332438,17.6
12,3400,47.649333,-122.332451,17.6
12,3600,47.649333,-122.332465,17.6
12,3800,47.649333,-122.332478,17.6
12,4000,47.649333,-122.332492,17.6
12,4200,47.649333,-122.332505,17.6
12,4400,47.649333,-122.332519,17.6
12,4600,47.649333,-122.332532,17.6
12,4800,47.649333,-122.332545,17.6
12,5000,47.649333,-122.332559,17.6
12,5200,47.649333,-122.332572,17.6
12,5400,47.649333,-122.332586,17.6
12,5600,47.649333,-122.332599,17.6
12,5800,47.649333,-122.332613,17.6
12,6000,47.649333,-122.332626,17.6
12,6200,47.649333,-122.332640,17.6
12,6400,47.649333,-122.332653,17.6
12,6600,47.649333,-122.332667,40.4
12,6800,47.649333,-122.332635,40.4
12,7000,47.649333,-122.332603,40.4
12,7200,47.649333,-122.332571,40.4
12,7400,47.649333,-122.332540,40.4
12,7600,47.649333,-122.332508,40.4
12,7800,47.649333,-122.332476,40.4
12,8000,47.649333,-122.332444,40.4
12,8200,47.649333,-122.332413,40.4
12,8400,47.649333,-122.332381,40.4
12,8600,47.649333,-122.332349,40.4
12,8800,47.649333,-122.332317,40.4
12,9000,47.649333,-122.332286,40.4
12,9200,47.649333,-122.332254,40.4
12,9400,47.649333,-122.332222,36.8
12,9600,47.649333,-122.332250,36.8
12,9800,47.649333,-122.332278,36.8
12,10000,47.649333,-122.332306,36.8
12,10200,47.649333,-122.332333,36.8
12,10400,47.649333,-122.332361,36.8
12,10600,47.649333,-122.332389,36.8
12,10800,47.649333,-122.332417,36.8
12,11000,47.649333,-122.332444,36.8
12,11200,47.649333,-122.332472,36.8
12,11400,47.649333,-122.332500,36.8
12,11600,47.649333,-122.332528,36.8
12,11800,47.649333,-122.332556,36.8
12,12000,47.649333,-122.332583,36.8
12,12200,47.649333,-122.332611,36.8
12,12400,47.649333,-122.332639,36.8
12,12600,47.649333,-122.332667,26.9
12,12800,47.649347,-122.332667,26.9
12,13000,47.649361,-122.332667,26.9
12,13200,47.649374,-122.332667,26.9
12,13400,47.649388,-122.332667,26.9
12,13600,47.649401,-122.332667,26.9
12,13800,47.649415,-122.332667,26.9
12,14000,47.649429,-122.332667,26.9
12,14200,47.649442,-122.332667,26.9
12,14400,47.649456,-122.332667,26.9
12,14600,47.649469,-122.332667,26.9
12,14800,47.649483,-122.332667,26.9
12,15000,47.649497,-122.332667,26.9
12,15200,47.649510,-122.332667,26.9
12,15400,47.649524,-122.332667,26.9
12,15600,47.649537,-122.332667,26.9
12,15800,47.649551,-122.332667,26.9
12,16000,47.649565,-122.332667,26.9
12,16200,47.649578,-122.332667,26.9
12,16400,47.649592,-122.332667,26.9
12,16600,47.649605,-122.332667,26.9
12,16800,47.649619,-122.332667,26.9
12,17000,47.649633,-122.332667,26.9
12,17200,47.649646,-122.332667,26.9
12,17400,47.649660,-122.332667,26.9
12,17600,47.649673,-122.332667,26.9
12,17800,47.649687,-122.332667,26.9
12,18000,47.649701,-122.332667,26.9
12,18200,47.649714,-122.332667,26.9
12,18400,47.649728,-122.332667,26.9
12,18600,47.649741,-122.332667,26.9
12,18800,47.649755,-122.332667,26.9
12,19000,47.649769,-122.332667,26.9
12,19200,47.649782,-122.332667,26.9
12,19400,47.649796,-122.332667,26.9
12,19600,47.649810,-122.332667,26.9
12,19800,47.649823,-122.332667,26.9
12,20000,47.649837,-122.332667,26.9
12,20200,47.649850,-122.332667,26.9
12,20400,47.649864,-122.332667,26.9
12,20600,47.649878,-122.332667,26.9
12,20800,47.649891,-122.332667,26.9
12,21000,47.649905,-122.332667,26.9
12,21200,47.649918,-122.332667,26.9
12,21400,47.649932,-122.332667,26.9
12,21600,47.649946,-122.332667,26.9
12,21800,47.649959,-122.332667,26.9
12,22000,47.649973,-122.332667,26.9
12,22200,47.649986,-122.332667,26.9
12,22400,47.650000,-122.332667,24.7
12,22600,47.650000,-122.332648,24.7
12,22800,47.650000,-122.332630,24.7
12,23000,47.650000,-122.332611,24.7
12,23200,47.650000,-122.332593,24.7
12,23400,47.650000,-122.332574,24.7
12,23600,47.650000,-122.332556,24.7
12,23800,47.650000,-122.332537,24.7
12,24000,47.650000,-122.332519,24.7
12,24200,47.650000,-122.332500,24.7
12,24400,47.650000,-122.332481,24.7
12,24600,47.650000,-122.332463,24.7
12,24800,47.650000,-122.332444,24.7
12,25000,47.650000,-122.332426,24.7
12,25200,47.650000,-122.332407,24.7
12,25400,47.650000,-122.332389,24.7
12,25600,47.650000,-122.332370,24.7
12,25800,47.650000,-122.332352,24.7
12,26000,47.650000,-122.332333,24.7
12,26200,47.650000,-122.332315,24.7
12,26400,47.650000,-122.332296,24.7
12,26600,47.650000,-122.332278,24.7
12,26800,47.650000,-122.332259,24.7
12,27000,47.650000,-122.332241,24.7
12,27200,47.650000,-122.332222,40.9
12,27400,47.650000,-122.332190,40.9
12,27600,47.650000,-122.332159,40.9
12,27800,47.650000,-122.332127,40.9
12,28000,47.650000,-122.332095,40.9
12,28200,47.650000,-122.332063,40.9
12,28400,47.650000,-122.332032,40.9
12,28600,47.650000,-122.332000,40.9
12,28800,47.650000,-122.331968,40.9
12,29000,47.650000,-122.331937,40.9
12,29200,47.650000,-122.331905,40.9
12,29400,47.650000,-122.331873,40.9
12,29600,47.650000,-122.331841,40.9
12,29800,47.650000,-122.331810,40.9
12,30000,47.650000,-122.331778,26.8
12,30200,47.650000,-122.331798,26.8
12,30400,47.650000,-122.331818,26.8
12,30600,47.650000,-122.331838,26.8
12,30800,47.650000,-122.331859,26.8
12,31000,47.650000,-122.331879,26.8
12,31200,47.650000,-122.331899,26.8
12,31400,47.650000,-122.331919,26.8
12,31600,47.650000,-122.331939,26.8
12,31800,47.650000,-122.331960,26.8
12,32000,47.650000,-122.331980,26.8
12,32200,47.650000,-122.332000,26.8
12,32400,47.650000,-122.332020,26.8
12,32600,47.650000,-122.332040,26.8
12,32800,47.650000,-122.332061,26.8
12,33000,47.650000,-122.332081,26.8
12,33200,47.650000,-122.332101,26.8
12,33400,47.650000,-122.332121,26.8
12,33600,47.650000,-122.332141,26.8
12,33800,47.650000,-122.332162,26.8
12,34000,47.650000,-122.332182,26.8
12,34200,47.650000,-122.332202,26.8
12,34400,47.650000,-122.332222,0.0
13,0,47.646000,-122.330000,24.9
13,200,47.646013,-122.330000,24.9
13,400,47.646025,-122.330000,24.9
13,600,47.646038,-122.330000,24.9
13,800,47.646050,-122.330000,24.9
13,1000,47.646063,-122.330000,24.9
13,1200,47.646075,-122.330000,24.9
13,1400,47.646088,-122.330000,24.9
13,1600,47.646101,-122.330000,24.9
13,1800,47.646113,-122.330000,24.9
13,2000,47.646126,-122.330000,24.9
13,2200,47.646138,-122.330000,24.9
13,2400,47.646151,-122.330000,24.9
13,2600,47.646164,-122.330000,24.9
13,2800,47.646176,-122.330000,24.9
13,3000,47.646189,-122.330000,24.9
13,3200,47.646201,-122.330000,24.9
13,3400,47.646214,-122.330000,24.9
13,3600,47.646226,-122.330000,24.9
13,3800,47.646239,-122.330000,24.9
13,4000,47.646252,-122.330000,24.9
13,4200,47.646264,-122.330000,24.9
13,4400,47.646277,-122.330000,24.9
13,4600,47.646289,-122.330000,24.9
13,4800,47.646302,-122.330000,24.9
13,5000,47.646314,-122.330000,24.9
13,5200,47.646327,-122.330000,24.9
13,5400,47.646340,-122.330000,24.9
13,5600,47.646352,-122.330000,24.9
13,5800,47.646365,-122.330000,24.9
13,6000,47.646377,-122.330000,24.9
13,6200,47.646390,-122.330000,24.9
13,6400,47.646403,-122.330000,24.9
13,6600,47.646415,-122.330000,24.9
13,6800,47.646428,-122.330000,24.9
13,7000,47.646440,-122.330000,24.9
13,7200,47.646453,-122.330000,24.9
13,7400,47.646465,-122.330000,24.9
13,7600,47.646478,-122.330000,24.9
13,7800,47.646491,-122.330000,24.9
13,8000,47.646503,-122.330000,24.9
13,8200,47.646516,-122.330000,24.9
13,8400,47.646528,-122.330000,24.9
13,8600,47.646541,-122.330000,24.9
13,8800,47.646553,-122.330000,24.9
13,9000,47.646566,-122.330000,24.9
13,9200,47.646579,-122.330000,24.9
13,9400,47.646591,-122.330000,24.9
13,9600,47.646604,-122.330000,24.9
13,9800,47.646616,-122.330000,24.9
13,10000,47.646629,-122.330000,24.9
13,10200,47.646642,-122.330000,24.9
13,10400,47.646654,-122.330000,24.9
13,10600,47.646667,-122.330000,19.6
13,10800,47.646667,-122.330015,19.6
13,11000,47.646667,-122.330030,19.6
13,11200,47.646667,-122.330044,19.6
13,11400,47.646667,-122.330059,19.6
13,11600,47.646667,-122.330074,19.6
13,11800,47.646667,-122.330089,19.6
13,12000,47.646667,-122.330104,19.6
13,12200,47.646667,-122.330119,19.6
13,12400,47.646667,-122.330133,19.6
13,12600,47.646667,-122.330148,19.6
13,12800,47.646667,-122.330163,19.6
13,13000,47.646667,-122.330178,19.6
13,13200,47.646667,-122.330193,19.6
13,13400,47.646667,-122.330207,19.6
13,13600,47.646667,-122.330222,19.6
13,13800,47.646667,-122.330237,19.6
13,14000,47.646667,-122.330252,19.6
13,14200,47.646667,-122.330267,19.6
13,14400,47.646667,-122.330281,19.6
13,14600,47.646667,-122.330296,19.6
13,14800,47.646667,-122.330311,19.6
13,15000,47.646667,-122.330326,19.6
13,15200,47.646667,-122.330341,19.6
13,15400,47.646667,-122.330356,19.6
13,15600,47.646667,-122.330370,19.6
13,15800,47.646667,-122.330385,19.6
13,16000,47.646667,-122.330400,19.6
13,16200,47.646667,-122.330415,19.6
13,16400,47.646667,-122.330430,19.6
13,16600,47.646667,-122.330444,40.0
13,16800,47.646687,-122.330444,40.0
13,17000,47.646707,-122.330444,40.0
13,17200,47.646727,-122.330444,40.0
13,17400,47.646747,-122.330444,40.0
13,17600,47.646768,-122.330444,40.0
13,17800,47.646788,-122.330444,40.0
13,18000,47.646808,-122.330444,40.0
13,18200,47.646828,-122.330444,40.0
13,18400,47.646848,-122.330444,40.0
13,18600,47.646869,-122.330444,40.0
13,18800,47.646889,-122.330444,40.0
13,19000,47.646909,-122.330444,40.0
13,19200,47.646929,-122.330444,40.0
13,19400,47.646949,-122.330444,40.0
13,19600,47.646970,-122.330444,40.0
13,19800,47.646990,-122.330444,40.0
13,20000,47.647010,-122.330444,40.0
13,20200,47.647030,-122.330444,40.0
13,20400,47.647051,-122.330444,40.0
13,20600,47.647071,-122.330444,40.0
13,20800,47.647091,-122.330444,40.0
13,21000,47.647111,-122.330444,40.0
13,21200,47.647131,-122.330444,40.0
13,21400,47.647152,-122.330444,40.0
13,21600,47.647172,-122.330444,40.0
13,21800,47.647192,-122.330444,40.0
13,22000,47.647212,-122.330444,40.0
13,22200,47.647232,-122.330444,40.0
13,22400,47.647253,-122.330444,40.0
13,22600,47.647273,-122.330444,40.0
13,22800,47.647293,-122.330444,40.0
13,23000,47.647313,-122.330444,40.0
13,23200,47.647333,-122.330444,32.5
13,23400,47.647333,-122.330420,32.5
13,23600,47.647333,-122.330395,32.5
13,23800,47.647333,-122.330370,32.5
13,24000,47.647333,-122.330346,32.5
13,24200,47.647333,-122.330321,32.5
13,24400,47.647333,-122.330296,32.5
13,24600,47.647333,-122.330272,32.5
13,24800,47.647333,-122.330247,32.5
13,25000,47.647333,-122.330222,32.5
13,25200,47.647333,-122.330198,32.5
13,25400,47.647333,-122.330173,32.5
13,25600,47.647333,-122.330148,32.5
13,25800,47.647333,-122.330123,32.5
13,26000,47.647333,-122.330099,32.5
13,26200,47.647333,-122.330074,32.5
13,26400,47.647333,-122.330049,32.5
13,26600,47.647333,-122.330025,32.5
13,26800,47.647333,-122.330000,51.2
13,27000,47.647359,-122.330000,51.2
13,27200,47.647385,-122.330000,51.2
13,27400,47.647410,-122.330000,51.2
13,27600,47.647436,-122.330000,51.2
13,27800,47.647462,-122.330000,51.2
13,28000,47.647487,-122.330000,51.2
13,28200,47.647513,-122.330000,51.2
13,28400,47.647538,-122.330000,51.2
13,28600,47.647564,-122.330000,51.2
13,28800,47.647590,-122.330000,51.2
13,29000,47.647615,-122.330000,51.2
13,29200,47.647641,-122.330000,51.2
13,29400,47.647667,-122.330000,51.2
13,29600,47.647692,-122.330000,51.2
13,29800,47.647718,-122.330000,51.2
13,30000,47.647744,-122.330000,51.2
13,30200,47.647769,-122.330000,51.2
13,30400,47.647795,-122.330000,51.2
13,30600,47.647821,-122.330000,51.2
13,30800,47.647846,-122.330000,51.2
13,31000,47.647872,-122.330000,51.2
13,31200,47.647897,-122.330000,51.2
13,31400,47.647923,-122.330000,51.2
13,31600,47.647949,-122.330000,51.2
13,31800,47.647974,-122.330000,51.2
13,32000,47.648000,-122.330000,0.0
14,0,47.649333,-122.330889,51.5
14,200,47.649333,-122.330929,51.5
14,400,47.649333,-122.330970,51.5
14,600,47.649333,-122.331010,51.5
14,800,47.649333,-122.331051,51.5
14,1000,47.649333,-122.331091,51.5
14,1200,47.649333,-122.331131,51.5
14,1400,47.649333,-122.331172,51.5
14,1600,47.649333,-122.331212,51.5
14,1800,47.649333,-122.331253,51.5
14,2000,47.649333,-122.331293,51.5
14,2200,47.649333,-122.331333,14.8
14,2400,47.649333,-122.331322,14.8
14,2600,47.649333,-122.331311,14.8
14,2800,47.649333,-122.331300,14.8
14,3000,47.649333,-122.331289,14.8
14,3200,47.649333,-122.331278,14.8
14,3400,47.649333,-122.331267,14.8
14,3600,47.649333,-122.331256,14.8
14,3800,47.649333,-122.331244,14.8
14,4000,47.649333,-122.331233,14.8
14,4200,47.649333,-122.331222,14.8
14,4400,47.649333,-122.331211,14.8
14,4600,47.649333,-122.331200,14.8
14,4800,47.649333,-122.331189,14.8
14,5000,47.649333,-122.331178,14.8
14,5200,47.649333,-122.331167,14.8
14,5400,47.649333,-122.331156,14.8
14,5600,47.649333,-122.331144,14.8
14,5800,47.649333,-122.331133,14.8
14,6000,47.649333,-122.331122,14.8
14,6200,47.649333,-122.331111,14.8
14,6400,47.649333,-122.331100,14.8
14,6600,47.649333,-122.331089,14.8
14,6800,47.649333,-122.331078,14.8
14,7000,47.649333,-122.331067,14.8
14,7200,47.649333,-122.331056,14.8
14,7400,47.649333,-122.331044,14.8
14,7600,47.649333,-122.331033,14.8
14,7800,47.649333,-122.331022,14.8
14,8000,47.649333,-122.331011,14.8
14,8200,47.649333,-122.331000,14.8
14,8400,47.649333,-122.330989,14.8
14,8600,47.649333,-122.330978,14.8
14,8800,47.649333,-122.330967,14.8
14,9000,47.649333,-122.330956,14.8
14,9200,47.649333,-122.330944,14.8
14,9400,47.649333,-122.330933,14.8
14,9600,47.649333,-122.330922,14.8
14,9800,47.649333,-122.330911,14.8
14,10000,47.649333,-122.330900,14.8
14,10200,47.649333,-122.330889,39.0
14,10400,47.649333,-122.330919,39.0
14,10600,47.649333,-122.330948,39.0
14,10800,47.649333,-122.330978,39.0
14,11000,47.649333,-122.331007,39.0
14,11200,47.649333,-122.331037,39.0
14,11400,47.649333,-122.331067,39.0
14,11600,47.649333,-122.331096,39.0
14,11800,47.649333,-122.331126,39.0
14,12000,47.649333,-122.331156,39.0
14,12200,47.649333,-122.331185,39.0
14,12400,47.649333,-122.331215,39.0
14,12600,47.649333,-122.331244,39.0
14,12800,47.649333,-122.331274,39.0
14,13000,47.649333,-122.331304,39.0
14,13200,47.649333,-122.331333,0.0
15,0,47.646667,-122.332222,36.7
15,200,47.646685,-122.332222,36.7
15,400,47.646704,-122.332222,36.7
15,600,47.646722,-122.332222,36.7
15,800,47.646741,-122.332222,36.7
15,1000,47.646759,-122.332222,36.7
15,1200,47.646778,-122.332222,36.7
15,1400,47.646796,-122.332222,36.7
15,1600,47.646815,-122.332222,36.7
15,1800,47.646833,-122.332222,36.7
15,2000,47.646852,-122.332222,36.7
15,2200,47.646870,-122.332222,36.7
15,2400,47.646889,-122.332222,36.7
15,2600,47.646907,-122.332222,36.7
15,2800,47.646926,-122.332222,36.7
15,3000,47.646944,-122.332222,36.7
15,3200,47.646963,-122.332222,36.7
15,3400,47.646981,-122.332222,36.7
15,3600,47.647000,-122.332222,36.7
15,3800,47.647019,-122.332222,36.7
15,4000,47.647037,-122.332222,36.7
15,4200,47.647056,-122.332222,36.7
15,4400,47.647074,-122.332222,36.7
15,4600,47.647093,-122.332222,36.7
15,4800,47.647111,-122.332222,36.7
15,5000,47.647130,-122.332222,36.7
15,5200,47.647148,-122.332222,36.7
15,5400,47.647167,-122.332222,36.7
15,5600,47.647185,-122.332222,36.7
15,5800,47.647204,-122.332222,36.7
15,6000,47.647222,-122.332222,36.7
15,6200,47.647241,-122.332222,36.7
15,6400,47.647259,-122.332222,36.7
15,6600,47.647278,-122.332222,36.7
15,6800,47.647296,-122.332222,36.7
15,7000,47.647315,-122.332222,36.7
15,7200,47.647333,-122.332222,18.4
15,7400,47.647333,-122.332208,18.4
15,7600,47.647333,-122.332194,18.4
15,7800,47.647333,-122.332181,18.4
15,8000,47.647333,-122.332167,18.4
15,8200,47.647333,-122.332153,18.4
15,8400,47.647333,-122.332139,18.4
15,8600,47.647333,-122.332125,18.4
15,8800,47.647333,-122.332111,18.4
15,9000,47.647333,-122.332097,18.4
15,9200,47.647333,-122.332083,18.4
15,9400,47.647333,-122.332069,18.4
15,9600,47.647333,-122.332056,18.4
15,9800,47.647333,-122.332042,18.4
15,10000,47.647333,-122.332028,18.4
15,10200,47.647333,-122.332014,18.4
15,10400,47.647333,-122.332000,18.4
15,10600,47.647333,-122.331986,18.4
15,10800,47.647333,-122.331972,18.4
15,11000,47.647333,-122.331958,18.4
15,11200,47.647333,-122.331944,18.4
15,11400,47.647333,-122.331931,18.4
15,11600,47.647333,-122.331917,18.4
15,11800,47.647333,-122.331903,18.4
15,12000,47.647333,-122.331889,18.4
15,12200,47.647333,-122.331875,18.4
15,12400,47.647333,-122.331861,18.4
15,12600,47.647333,-122.331847,18.4
15,12800,47.647333,-122.331833,18.4
15,13000,47.647333,-122.331819,18.4
15,13200,47.647333,-122.331806,18.4
15,13400,47.647333,-122.331792,18.4
15,13600,47.647333,-122.331778,35.7
15,13800,47.647333,-122.331806,35.7
15,14000,47.647333,-122.331833,35.7
15,14200,47.647333,-122.331861,35.7
15,14400,47.647333,-122.331889,35.7
15,14600,47.647333,-122.331917,35.7
15,14800,47.647333,-122.331944,35.7
15,15000,47.647333,-122.331972,35.7
15,15200,47.647333,-122.332000,35.7
15,15400,47.647333,-122.332028,35.7
15,15600,47.647333,-122.332056,35.7
15,15800,47.647333,-122.332083,35.7
15,16000,47.647333,-122.332111,35.7
15,16200,47.647333,-122.332139,35.7
15,16400,47.647333,-122.332167,35.7
15,16600,47.647333,-122.332194,35.7
15,16800,47.647333,-122.332222,34.4
15,17000,47.647333,-122.332196,34.4
15,17200,47.647333,-122.332170,34.4
15,17400,47.647333,-122.332144,34.4
15,17600,47.647333,-122.332118,34.4
15,17800,47.647333,-122.332092,34.4
15,18000,47.647333,-122.332065,34.4
15,18200,47.647333,-122.332039,34.4
15,18400,47.647333,-122.332013,34.4
15,18600,47.647333,-122.331987,34.4
15,18800,47.647333,-122.331961,34.4
15,19000,47.647333,-122.331935,34.4
15,19200,47.647333,-122.331908,34.4
15,19400,47.647333,-122.331882,34.4
15,19600,47.647333,-122.331856,34.4
15,19800,47.647333,-122.331830,34.4
15,20000,47.647333,-122.331804,34.4
15,20200,47.647333,-122.331778,19.6
15,20400,47.647333,-122.331763,19.6
15,20600,47.647333,-122.331748,19.6
15,20800,47.647333,-122.331733,19.6
15,21000,47.647333,-122.331719,19.6
15,21200,47.647333,-122.331704,19.6
15,21400,47.647333,-122.331689,19.6
15,21600,47.647333,-122.331674,19.6
15,21800,47.647333,-122.331659,19.6
15,22000,47.647333,-122.331644,19.6
15,22200,47.647333,-122.331630,19.6
15,22400,47.647333,-122.331615,19.6
15,22600,47.647333,-122.331600,19.6
15,22800,47.647333,-122.331585,19.6
15,23000,47.647333,-122.331570,19.6
15,23200,47.647333,-122.331556,19.6
15,23400,47.647333,-122.331541,19.6
15,23600,47.647333,-122.331526,19.6
15,23800,47.647333,-122.331511,19.6
15,24000,47.647333,-122.331496,19.6
15,24200,47.647333,-122.331481,19.6
15,24400,47.647333,-122.331467,19.6
15,24600,47.647333,-122.331452,19.6
15,24800,47.647333,-122.331437,19.6
15,25000,47.647333,-122.331422,19.6
15,25200,47.647333,-122.331407,19.6
15,25400,47.647333,-122.331393,19.6
15,25600,47.647333,-122.331378,19.6
15,25800,47.647333,-122.331363,19.6
15,26000,47.647333,-122.331348,19.6
15,26200,47.647333,-122.331333,28.2
15,26400,47.647333,-122.331354,28.2
15,26600,47.647333,-122.331376,28.2
15,26800,47.647333,-122.331397,28.2
15,27000,47.647333,-122.331418,28.2
15,27200,47.647333,-122.331439,28.2
15,27400,47.647333,-122.331460,28.2
15,27600,47.647333,-122.331481,28.2
15,27800,47.647333,-122.331503,28.2
15,28000,47.647333,-122.331524,28.2
15,28200,47.647333,-122.331545,28.2
15,28400,47.647333,-122.331566,28.2
15,28600,47.647333,-122.331587,28.2
15,28800,47.647333,-122.331608,28.2
15,29000,47.647333,-122.331630,28.2
15,29200,47.647333,-122.331651,28.2
15,29400,47.647333,-122.331672,28.2
15,29600,47.647333,-122.331693,28.2
15,29800,47.647333,-122.331714,28.2
15,30000,47.647333,-122.331735,28.2
15,30200,47.647333,-122.331757,28.2
15,30400,47.647333,-122.331778,17.1
15,30600,47.647333,-122.331765,17.1
15,30800,47.647333,-122.331752,17.1
15,31000,47.647333,-122.331739,17.1
15,31200,47.647333,-122.331725,17.1
15,31400,47.647333,-122.331712,17.1
15,31600,47.647333,-122.331699,17.1
15,31800,47.647333,-122.331686,17.1
15,32000,47.647333,-122.331673,17.1
15,32200,47.647333,-122.331660,17.1
15,32400,47.647333,-122.331647,17.1
15,32600,47.647333,-122.331634,17.1
15,32800,47.647333,-122.331621,17.1
15,33000,47.647333,-122.331608,17.1
15,33200,47.647333,-122.331595,17.1
15,33400,47.647333,-122.331582,17.1
15,33600,47.647333,-122.331569,17.1
15,33800,47.647333,-122.331556,17.1
15,34000,47.647333,-122.331542,17.1
15,34200,47.647333,-122.331529,17.1
15,34400,47.647333,-122.331516,17.1
15,34600,47.647333,-122.331503,17.1
15,34800,47.647333,-122.331490,17.1
15,35000,47.647333,-122.331477,17.1
15,35200,47.647333,-122.331464,17.1
15,35400,47.647333,-122.331451,17.1
15,35600,47.647333,-122.331438,17.1
15,35800,47.647333,-122.331425,17.1
15,36000,47.647333,-122.331412,17.1
15,36200,47.647333,-122.331399,17.1
15,36400,47.647333,-122.331386,17.1
15,36600,47.647333,-122.331373,17.1
15,36800,47.647333,-122.331359,17.1
15,37000,47.647333,-122.331346,17.1
15,37200,47.647333,-122.331333,0.0
16,0,47.648667,-122.330889,24.1
16,200,47.648667,-122.330870,24.1
16,400,47.648667,-122.330852,24.1
16,600,47.648667,-122.330833,24.1
16,800,47.648667,-122.330815,24.1
16,1000,47.648667,-122.330796,24.1
16,1200,47.648667,-122.330778,24.1
16,1400,47.648667,-122.330759,24.1
16,1600,47.648667,-122.330741,24.1
16,1800,47.648667,-122.330722,24.1
16,2000,47.648667,-122.330704,24.1
16,2200,47.648667,-122.330685,24.1
16,2400,47.648667,-122.330667,24.1
16,2600,47.648667,-122.330648,24.1
16,2800,47.648667,-122.330630,24.1
16,3000,47.648667,-122.330611,24.1
16,3200,47.648667,-122.330593,24.1
16,3400,47.648667,-122.330574,24.1
16,3600,47.648667,-122.330556,24.1
16,3800,47.648667,-122.330537,24.1
16,4000,47.648667,-122.330519,24.1
16,4200,47.648667,-122.330500,24.1
16,4400,47.648667,-122.330481,24.1
16,4600,47.648667,-122.330463,24.1
16,4800,47.648667,-122.330444,25.7
16,5000,47.648667,-122.330425,25.7
16,5200,47.648667,-122.330406,25.7
16,5400,47.648667,-122.330386,25.7
16,5600,47.648667,-122.330367,25.7
16,5800,47.648667,-122.330348,25.7
16,6000,47.648667,-122.330329,25.7
16,6200,47.648667,-122.330309,25.7
16,6400,47.648667,-122.330290,25.7
16,6600,47.648667,-122.330271,25.7
16,6800,47.648667,-122.330251,25.7
16,7000,47.648667,-122.330232,25.7
16,7200,47.648667,-122.330213,25.7
16,7400,47.648667,-122.330193,25.7
16,7600,47.648667,-122.330174,25.7
16,7800,47.648667,-122.330155,25.7
16,8000,47.648667,-122.330135,25.7
16,8200,47.648667,-122.330116,25.7
16,8400,47.648667,-122.330097,25.7
16,8600,47.648667,-122.330077,25.7
16,8800,47.648667,-122.330058,25.7
16,9000,47.648667,-122.330039,25.7
16,9200,47.648667,-122.330019,25.7
16,9400,47.648667,-122.330000,31.8
16,9600,47.648667,-122.330025,31.8
16,9800,47.648667,-122.330049,31.8
16,10000,47.648667,-122.330074,31.8
16,10200,47.648667,-122.330099,31.8
16,10400,47.648667,-122.330123,31.8
16,10600,47.648667,-122.330148,31.8
16,10800,47.648667,-122.330173,31.8
16,11000,47.648667,-122.330198,31.8
16,11200,47.648667,-122.330222,31.8
16,11400,47.648667,-122.330247,31.8
16,11600,47.648667,-122.330272,31.8
16,11800,47.648667,-122.330296,31.8
16,12000,47.648667,-122.330321,31.8
16,12200,47.648667,-122.330346,31.8
16,12400,47.648667,-122.330370,31.8
16,12600,47.648667,-122.330395,31.8
16,12800,47.648667,-122.330420,31.8
16,13000,47.648667,-122.330444,0.0
17,0,47.648667,-122.332667,35.9
17,200,47.648667,-122.332639,35.9
17,400,47.648667,-122.332611,35.9
17,600,47.648667,-122.332583,35.9
17,800,47.648667,-122.332556,35.9
17,1000,47.648667,-122.332528,35.9
17,1200,47.648667,-122.332500,35.9
17,1400,47.648667,-122.332472,35.9
17,1600,47.648667,-122.332444,35.9
17,1800,47.648667,-122.332417,35.9
17,2000,47.648667,-122.332389,35.9
17,2200,47.648667,-122.332361,35.9
17,2400,47.648667,-122.332333,35.9
17,2600,47.648667,-122.332306,35.9
17,2800,47.648667,-122.332278,35.9
17,3000,47.648667,-122.332250,35.9
17,3200,47.648667,-122.332222,26.4
17,3400,47.648680,-122.332222,26.4
17,3600,47.648693,-122.332222,26.4
17,3800,47.648707,-122.332222,26.4
17,4000,47.648720,-122.332222,26.4
17,4200,47.648733,-122.332222,26.4
17,4400,47.648747,-122.332222,26.4
17,4600,47.648760,-122.332222,26.4
17,4800,47.648773,-122.332222,26.4
17,5000,47.648787,-122.332222,26.4
17,5200,47.648800,-122.332222,26.4
17,5400,47.648813,-122.332222,26.4
17,5600,47.648827,-122.332222,26.4
17,5800,47.648840,-122.332222,26.4
17,6000,47.648853,-122.332222,26.4
17,6200,47.648867,-122.332222,26.4
17,6400,47.648880,-122.332222,26.4
17,6600,47.648893,-122.332222,26.4
17,6800,47.648907,-122.332222,26.4
17,7000,47.648920,-122.332222,26.4
17,7200,47.648933,-122.332222,26.4
17,7400,47.648947,-122.332222,26.4
17,7600,47.648960,-122.332222,26.4
17,7800,47.648973,-122.332222,26.4
17,8000,47.648987,-122.332222,26.4
17,8200,47.649000,-122.332222,26.4
17,8400,47.649013,-122.332222,26.4
17,8600,47.649027,-122.332222,26.4
17,8800,47.649040,-122.332222,26.4
17,9000,47.649053,-122.332222,26.4
17,9200,47.649067,-122.332222,26.4
17,9400,47.649080,-122.332222,26.4
17,9600,47.649093,-122.332222,26.4
17,9800,47.649107,-122.332222,26.4
17,10000,47.649120,-122.332222,26.4
17,10200,47.649133,-122.332222,26.4
17,10400,47.649147,-122.332222,26.4
17,10600,47.649160,-122.332222,26.4
17,10800,47.649173,-122.332222,26.4
17,11000,47.649187,-122.332222,26.4
17,11200,47.649200,-122.332222,26.4
17,11400,47.649213,-122.332222,26.4
17,11600,47.649227,-122.332222,26.4
17,11800,47.649240,-122.332222,26.4
17,12000,47.649253,-122.332222,26.4
17,12200,47.649267,-122.332222,26.4
17,12400,47.649280,-122.332222,26.4
17,12600,47.649293,-122.332222,26.4
17,12800,47.649307,-122.332222,26.4
17,13000,47.649320,-122.332222,26.4
17,13200,47.649333,-122.332222,53.4
17,13400,47.649333,-122.332263,53.4
17,13600,47.649333,-122.332303,53.4
17,13800,47.649333,-122.332343,53.4
17,14000,47.649333,-122.332384,53.4
17,14200,47.649333,-122.332424,53.4
17,14400,47.649333,-122.332465,53.4
17,14600,47.649333,-122.332505,53.4
17,14800,47.649333,-122.332545,53.4
17,15000,47.649333,-122.332586,53.4
17,15200,47.649333,-122.332626,53.4
17,15400,47.649333,-122.332667,0.0
18,0,47.646000,-122.330444,46.4
18,200,47.646000,-122.330407,46.4
18,400,47.646000,-122.330370,46.4
18,600,47.646000,-122.330333,46.4
18,800,47.646000,-122.330296,46.4
18,1000,47.646000,-122.330259,46.4
18,1200,47.646000,-122.330222,46.4
18,1400,47.646000,-122.330185,46.4
18,1600,47.646000,-122.330148,46.4
18,1800,47.646000,-122.330111,46.4
18,2000,47.646000,-122.330074,46.4
18,2200,47.646000,-122.330037,46.4
18,2400,47.646000,-122.330000,35.3
18,2600,47.646000,-122.330028,35.3
18,2800,47.646000,-122.330056,35.3
18,3000,47.646000,-122.330083,35.3
18,3200,47.646000,-122.330111,35.3
18,3400,47.646000,-122.330139,35.3
18,3600,47.646000,-122.330167,35.3
18,3800,47.646000,-122.330194,35.3
18,4000,47.646000,-122.330222,35.3
18,4200,47.646000,-122.330250,35.3
18,4400,47.646000,-122.330278,35.3
18,4600,47.646000,-122.330306,35.3
18,4800,47.646000,-122.330333,35.3
18,5000,47.646000,-122.330361,35.3
18,5200,47.646000,-122.330389,35.3
18,5400,47.646000,-122.330417,35.3
18,5600,47.646000,-122.330444,40.8
18,5800,47.646000,-122.330476,40.8
18,6000,47.646000,-122.330508,40.8
18,6200,47.646000,-122.330540,40.8
18,6400,47.646000,-122.330571,40.8
18,6600,47.646000,-122.330603,40.8
18,6800,47.646000,-122.330635,40.8
18,7000,47.646000,-122.330667,40.8
18,7200,47.646000,-122.330698,40.8
18,7400,47.646000,-122.330730,40.8
18,7600,47.646000,-122.330762,40.8
18,7800,47.646000,-122.330794,40.8
18,8000,47.646000,-122.330825,40.8
18,8200,47.646000,-122.330857,40.8
18,8400,47.646000,-122.330889,36.4
18,8600,47.646019,-122.330889,36.4
18,8800,47.646037,-122.330889,36.4
18,9000,47.646056,-122.330889,36.4
18,9200,47.646074,-122.330889,36.4
18,9400,47.646093,-122.330889,36.4
18,9600,47.646111,-122.330889,36.4
18,9800,47.646130,-122.330889,36.4
18,10000,47.646148,-122.330889,36.4
18,10200,47.646167,-122.330889,36.4
18,10400,47.646185,-122.330889,36.4
18,10600,47.646204,-122.330889,36.4
18,10800,47.646222,-122.330889,36.4
18,11000,47.646241,-122.330889,36.4
18,11200,47.646259,-122.330889,36.4
18,11400,47.646278,-122.330889,36.4
18,11600,47.646296,-122.330889,36.4
18,11800,47.646315,-122.330889,36.4
18,12000,47.646333,-122.330889,36.4
18,12200,47.646352,-122.330889,36.4
18,12400,47.646370,-122.330889,36.4
18,12600,47.646389,-122.330889,36.4
18,12800,47.646407,-122.330889,36.4
18,13000,47.646426,-122.330889,36.4
18,13200,47.646444,-122.330889,36.4
18,13400,47.646463,-122.330889,36.4
18,13600,47.646481,-122.330889,36.4
18,13800,47.646500,-122.330889,36.4
18,14000,47.646519,-122.330889,36.4
18,14200,47.646537,-122.330889,36.4
18,14400,47.646556,-122.330889,36.4
18,14600,47.646574,-122.330889,36.4
18,14800,47.646593,-122.330889,36.4
18,15000,47.646611,-122.330889,36.4
18,15200,47.646630,-122.330889,36.4
18,15400,47.646648,-122.330889,36.4
18,15600,47.646667,-122.330889,0.0
19,0,47.648000,-122.331333,51.3
19,200,47.648000,-122.331293,51.3
19,400,47.648000,-122.331253,51.3
19,600,47.648000,-122.331212,51.3
19,800,47.648000,-122.331172,51.3
19,1000,47.648000,-122.331131,51.3
19,1200,47.648000,-122.331091,51.3
19,1400,47.648000,-122.331051,51.3
19,1600,47.648000,-122.331010,51.3
19,1800,47.648000,-122.330970,51.3
19,2000,47.648000,-122.330929,51.3
19,2200,47.648000,-122.330889,18.5
19,2400,47.648009,-122.330889,18.5
19,2600,47.648019,-122.330889,18.5
19,2800,47.648028,-122.330889,18.5
19,3000,47.648037,-122.330889,18.5
19,3200,47.648046,-122.330889,18.5
19,3400,47.648056,-122.330889,18.5
19,3600,47.648065,-122.330889,18.5
19,3800,47.648074,-122.330889,18.5
19,4000,47.648083,-122.330889,18.5
19,4200,47.648093,-122.330889,18.5
19,4400,47.648102,-122.330889,18.5
19,4600,47.648111,-122.330889,18.5
19,4800,47.648120,-122.330889,18.5
19,5000,47.648130,-122.330889,18.5
19,5200,47.648139,-122.330889,18.5
19,5400,47.648148,-122.330889,18.5
19,5600,47.648157,-122.330889,18.5
19,5800,47.648167,-122.330889,18.5
19,6000,47.648176,-122.330889,18.5
19,6200,47.648185,-122.330889,18.5
19,6400,47.648194,-122.330889,18.5
19,6600,47.648204,-122.330889,18.5
19,6800,47.648213,-122.330889,18.5
19,7000,47.648222,-122.330889,18.5
19,7200,47.648231,-122.330889,18.5
19,7400,47.648241,-122.330889,18.5
19,7600,47.648250,-122.330889,18.5
19,7800,47.648259,-122.330889,18.5
19,8000,47.648269,-122.330889,18.5
19,8200,47.648278,-122.330889,18.5
19,8400,47.648287,-122.330889,18.5
19,8600,47.648296,-122.330889,18.5
19,8800,47.648306,-122.330889,18.5
19,9000,47.648315,-122.330889,18.5
19,9200,47.648324,-122.330889,18.5
19,9400,47.648333,-122.330889,18.5
19,9600,47.648343,-122.330889,18.5
19,9800,47.648352,-122.330889,18.5
19,10000,47.648361,-122.330889,18.5
19,10200,47.648370,-122.330889,18.5
19,10400,47.648380,-122.330889,18.5
19,10600,47.648389,-122.330889,18.5
19,10800,47.648398,-122.330889,18.5
19,11000,47.648407,-122.330889,18.5
19,11200,47.648417,-122.330889,18.5
19,11400,47.648426,-122.330889,18.5
19,11600,47.648435,-122.330889,18.5
19,11800,47.648444,-122.330889,18.5
19,12000,47.648454,-122.330889,18.5
19,12200,47.648463,-122.330889,18.5
19,12400,47.648472,-122.330889,18.5
19,12600,47.648481,-122.330889,18.5
19,12800,47.648491,-122.330889,18.5
19,13000,47.648500,-122.330889,18.5
19,13200,47.648509,-122.330889,18.5
19,13400,47.648519,-122.330889,18.5
19,13600,47.648528,-122.330889,18.5
19,13800,47.648537,-122.330889,18.5
19,14000,47.648546,-122.330889,18.5
19,14200,47.648556,-122.330889,18.5
19,14400,47.648565,-122.330889,18.5
19,14600,47.648574,-122.330889,18.5
19,14800,47.648583,-122.330889,18.5
19,15000,47.648593,-122.330889,18.5
19,15200,47.648602,-122.330889,18.5
19,15400,47.648611,-122.330889,18.5
19,15600,47.648620,-122.330889,18.5
19,15800,47.648630,-122.330889,18.5
19,16000,47.648639,-122.330889,18.5
19,16200,47.648648,-122.330889,18.5
19,16400,47.648657,-122.330889,18.5
19,16600,47.648667,-122.330889,49.2
19,16800,47.648667,-122.330852,49.2
19,17000,47.648667,-122.330815,49.2
19,17200,47.648667,-122.330778,49.2
19,17400,47.648667,-122.330741,49.2
19,17600,47.648667,-122.330704,49.2
19,17800,47.648667,-122.330667,49.2
19,18000,47.648667,-122.330630,49.2
19,18200,47.648667,-122.330593,49.2
19,18400,47.648667,-122.330556,49.2
19,18600,47.648667,-122.330519,49.2
19,18800,47.648667,-122.330481,49.2
19,19000,47.648667,-122.330444,24.9
19,19200,47.648679,-122.330444,24.9
19,19400,47.648692,-122.330444,24.9
19,19600,47.648704,-122.330444,24.9
19,19800,47.648717,-122.330444,24.9
19,20000,47.648730,-122.330444,24.9
19,20200,47.648742,-122.330444,24.9
19,20400,47.648755,-122.330444,24.9
19,20600,47.648767,-122.330444,24.9
19,20800,47.648780,-122.330444,24.9
19,21000,47.648792,-122.330444,24.9
19,21200,47.648805,-122.330444,24.9
19,21400,47.648818,-122.330444,24.9
19,21600,47.648830,-122.330444,24.9
19,21800,47.648843,-122.330444,24.9
19,22000,47.648855,-122.330444,24.9
19,22200,47.648868,-122.330444,24.9
19,22400,47.648881,-122.330444,24.9
19,22600,47.648893,-122.330444,24.9
19,22800,47.648906,-122.330444,24.9
19,23000,47.648918,-122.330444,24.9
19,23200,47.648931,-122.330444,24.9
19,23400,47.648943,-122.330444,24.9
19,23600,47.648956,-122.330444,24.9
19,23800,47.648969,-122.330444,24.9
19,24000,47.648981,-122.330444,24.9
19,24200,47.648994,-122.330444,24.9
19,24400,47.649006,-122.330444,24.9
19,24600,47.649019,-122.330444,24.9
19,24800,47.649031,-122.330444,24.9
19,25000,47.649044,-122.330444,24.9
19,25200,47.649057,-122.330444,24.9
19,25400,47.649069,-122.330444,24.9
19,25600,47.649082,-122.330444,24.9
19,25800,47.649094,-122.330444,24.9
19,26000,47.649107,-122.330444,24.9
19,26200,47.649119,-122.330444,24.9
19,26400,47.649132,-122.330444,24.9
19,26600,47.649145,-122.330444,24.9
19,26800,47.649157,-122.330444,24.9
19,27000,47.649170,-122.330444,24.9
19,27200,47.649182,-122.330444,24.9
19,27400,47.649195,-122.330444,24.9
19,27600,47.649208,-122.330444,24.9
19,27800,47.649220,-122.330444,24.9
19,28000,47.649233,-122.330444,24.9
19,28200,47.649245,-122.330444,24.9
19,28400,47.649258,-122.330444,24.9
19,28600,47.649270,-122.330444,24.9
19,28800,47.649283,-122.330444,24.9
19,29000,47.649296,-122.330444,24.9
19,29200,47.649308,-122.330444,24.9
19,29400,47.649321,-122.330444,24.9
19,29600,47.649333,-122.330444,0.0
